*************************************************
******************* ORCA 6.1.0 ******************
*************************************************
$Calculation_Status
   &GeometryIndex 1
   &version [&Type "String"] "6.1.0"
   &progName [&Type "String"] "ProgCIS"
   &Status [&Type "String"] "NORMAL TERMINATION"
$End
$Geometry
   &GeometryIndex 1
   &NAtoms [&Type "Integer"] 43
   &NCorelessECP [&Type "Integer"] 0
   &NGhostAtoms [&Type "Integer"] 0
   &CartesianCoordinates [&Type "Coordinates", &Dim(43,4), &Units "Bohr"] 
              Fe     0.000000000000    0.000000000000   -0.000000000000
              O     -2.575543121769   -1.667880268034    2.212409243866
              O      2.732198243473   -1.396545637978    2.212409243866
              O     -0.156655121703   -3.064425906011   -2.212409243866
              O      2.732198243473    1.396545637978   -2.212409243866
              O     -2.575543121769    1.667880268034   -2.212409243866
              O     -0.156655121703    3.064425906011    2.212409243866
              C     -5.507705111543   -4.485078934706    3.973270712088
              C      6.638044851205   -2.527273075797    3.973270712088
              C     -1.130339739662   -7.012352010503   -3.973270712088
              C      6.638044851205    2.527273075797   -3.973270712088
              C     -5.507705111543    4.485078934706   -3.973270712088
              C     -1.130339739662    7.012352010503    3.973270712088
              C     -3.175289863109    5.499763371662   -0.000000000000
              C     -3.175289863109   -5.499763371662   -0.000000000000
              C      6.350579726217    0.000000000000   -0.000000000000
              C     -3.642405761450   -3.810947883951    1.970126386454
              C      5.121580560725   -1.248941978331    1.970126386454
              C     -1.479174799275   -5.059889862282   -1.970126386454
              C      5.121580560725    1.248941978331   -1.970126386454
              C     -3.642405761450    3.810947883951   -1.970126386454
              C     -1.479174799275    5.059889862282    1.970126386454
              H     -6.349355901992   -6.336324309137    3.664786302590
              H      8.662095769325   -2.330541354226    3.664786302590
              H     -2.312739867333   -8.666865663362   -3.664786302590
              H      8.662095769325    2.330541354226   -3.664786302590
              H     -6.349355901992    6.336324309137   -3.664786302590
              H     -2.312739867333    8.666865663362    3.664786302590
              H     -4.196378334266    7.268340482730   -0.000000000000
              H     -4.196378334266   -7.268340482730   -0.000000000000
              H      8.392756668532    0.000000000000   -0.000000000000
              H     -6.994836341639   -3.051452109115    4.023422264155
              H      6.140053215745   -4.531979912617    4.023422264155
              H      0.854783125895   -7.583432021732   -4.023422264155
              H      6.140053215745    4.531979912617   -4.023422264155
              H     -6.994836341639    3.051452109115   -4.023422264155
              H      0.854783125895    7.583432021732    4.023422264155
              H     -4.567892788242   -4.452200244775    5.813072442313
              H      6.139664908832   -1.729811073994    5.813072442313
              H     -1.571772120590   -6.182011318769   -5.813072442313
              H      6.139664908832    1.729811073994   -5.813072442313
              H     -4.567892788242    4.452200244775   -5.813072442313
              H     -1.571772120590    6.182011318769    5.813072442313
$End
$SCF_Mulliken_Population_Analysis
   &GeometryIndex 1
   &NAtoms [&Type "Integer"] 43
   &ATNO [&Type "ArrayOfIntegers", &Dim (43,1)] 
                                                         0

0                                                       26
1                                                        8
2                                                        8
3                                                        8
4                                                        8
5                                                        8
6                                                        8
7                                                        6
8                                                        6
9                                                        6
10                                                       6
11                                                       6
12                                                       6
13                                                       6
14                                                       6
15                                                       6
16                                                       6
17                                                       6
18                                                       6
19                                                       6
20                                                       6
21                                                       6
22                                                       1
23                                                       1
24                                                       1
25                                                       1
26                                                       1
27                                                       1
28                                                       1
29                                                       1
30                                                       1
31                                                       1
32                                                       1
33                                                       1
34                                                       1
35                                                       1
36                                                       1
37                                                       1
38                                                       1
39                                                       1
40                                                       1
41                                                       1
42                                                       1
   &AtomicCharges [&Type "ArrayOfDoubles", &Dim (43,1)] 
                                                         0

0                                      7.3881217207594574e-01
1                                     -4.4568543906881075e-01
2                                     -4.4620013719564611e-01
3                                     -4.4557027233243574e-01
4                                     -4.4620013719564611e-01
5                                     -4.4568543906881075e-01
6                                     -4.4557027233243574e-01
7                                     -4.2265663432466383e-01
8                                     -4.2314031646705441e-01
9                                     -4.2326001607804109e-01
10                                    -4.2314031646705441e-01
11                                    -4.2265663432466383e-01
12                                    -4.2326001607804109e-01
13                                    -5.1029648242418180e-01
14                                    -5.1029648242418180e-01
15                                    -5.0983941785551501e-01
16                                     4.2394019627140533e-01
17                                     4.2427868069734043e-01
18                                     4.2455236845373179e-01
19                                     4.2427868069733954e-01
20                                     4.2394019627140622e-01
21                                     4.2455236845373268e-01
22                                     1.5968884277024364e-01
23                                     1.5976425262063509e-01
24                                     1.5983497374383948e-01
25                                     1.5976425262063509e-01
26                                     1.5968884277024364e-01
27                                     1.5983497374383937e-01
28                                     1.7405302617223262e-01
29                                     1.7405302617223262e-01
30                                     1.7409144432362900e-01
31                                     1.6473906565751739e-01
32                                     1.6474870045578183e-01
33                                     1.6478002759108024e-01
34                                     1.6474870045578194e-01
35                                     1.6473906565751739e-01
36                                     1.6478002759108024e-01
37                                     1.6494261016419798e-01
38                                     1.6507664498809949e-01
39                                     1.6487780903267590e-01
40                                     1.6507664498809949e-01
41                                     1.6494261016419798e-01
42                                     1.6487780903267590e-01
   &Method [&Type "String"] "SCF"
   &Level [&Type "String"] "Relaxed density"
   &Mult [&Type "Integer"] 6
   &State [&Type "Integer"] -1
   &Irrep [&Type "Integer"] 0
$End
$SCF_Loewdin_Population_Analysis
   &GeometryIndex 1
   &NAtoms [&Type "Integer"] 43
   &ATNO [&Type "ArrayOfIntegers", &Dim (43,1)] 
                                                         0

0                                                       26
1                                                        8
2                                                        8
3                                                        8
4                                                        8
5                                                        8
6                                                        8
7                                                        6
8                                                        6
9                                                        6
10                                                       6
11                                                       6
12                                                       6
13                                                       6
14                                                       6
15                                                       6
16                                                       6
17                                                       6
18                                                       6
19                                                       6
20                                                       6
21                                                       6
22                                                       1
23                                                       1
24                                                       1
25                                                       1
26                                                       1
27                                                       1
28                                                       1
29                                                       1
30                                                       1
31                                                       1
32                                                       1
33                                                       1
34                                                       1
35                                                       1
36                                                       1
37                                                       1
38                                                       1
39                                                       1
40                                                       1
41                                                       1
42                                                       1
   &AtomicCharges [&Type "ArrayOfDoubles", &Dim (43,1)] 
                                                         0

0                                      3.4378171077533892e-01
1                                      8.8526294239122727e-02
2                                      8.8320803604678311e-02
3                                      8.8611486559281083e-02
4                                      8.8320803604681863e-02
5                                      8.8526294239122727e-02
6                                      8.8611486559277530e-02
7                                     -2.5060126987068632e-01
8                                     -2.5059761558632321e-01
9                                     -2.5062588102588990e-01
10                                    -2.5059761558632498e-01
11                                    -2.5060126987068454e-01
12                                    -2.5062588102588990e-01
13                                    -1.8875673864543341e-01
14                                    -1.8875673864543430e-01
15                                    -1.8868603799391703e-01
16                                    -3.1642525379163189e-01
17                                    -3.1637863778459963e-01
18                                    -3.1634971806506496e-01
19                                    -3.1637863778460051e-01
20                                    -3.1642525379163189e-01
21                                    -3.1634971806506051e-01
22                                     1.3844083649954408e-01
23                                     1.3849621872458007e-01
24                                     1.3846242593822111e-01
25                                     1.3849621872458029e-01
26                                     1.3844083649954397e-01
27                                     1.3846242593822111e-01
28                                     1.6484338326058623e-01
29                                     1.6484338326058590e-01
30                                     1.6487532909536717e-01
31                                     1.4739348573107380e-01
32                                     1.4740372394674706e-01
33                                     1.4740995007109614e-01
34                                     1.4740372394674717e-01
35                                     1.4739348573107380e-01
36                                     1.4740995007109625e-01
37                                     1.4727245838108616e-01
38                                     1.4728873051566638e-01
39                                     1.4727981635956755e-01
40                                     1.4728873051566627e-01
41                                     1.4727245838108605e-01
42                                     1.4727981635956722e-01
   &Method [&Type "String"] "SCF"
   &Level [&Type "String"] "Relaxed density"
   &Mult [&Type "Integer"] 6
   &State [&Type "Integer"] -1
   &Irrep [&Type "Integer"] 0
$End
$SCF_Mayer_Population_Analysis
   &GeometryIndex 1
   &NAtoms [&Type "Integer"] 43 "Total number of atoms"
   &NBondOrdersPrint [&Type "Integer"] 45 "The number of bond orders larger than threshold"
   &bondThresh [&Type "Double"]       1.0000000000000001e-01  "The threshold for printing"
   &components [&Type "ArrayOfIntegers", &Dim (45,4)] "The indices and atomic numbers of the bonding atoms"
                                                         0                           1                           2                           3

0                                                        0                          26                           1                           8
1                                                        0                          26                           2                           8
2                                                        0                          26                           3                           8
3                                                        0                          26                           4                           8
4                                                        0                          26                           5                           8
5                                                        0                          26                           6                           8
6                                                        1                           8                          16                           6
7                                                        2                           8                          17                           6
8                                                        3                           8                          18                           6
9                                                        4                           8                          19                           6
10                                                       5                           8                          20                           6
11                                                       6                           8                          21                           6
12                                                       7                           6                          16                           6
13                                                       7                           6                          22                           1
14                                                       7                           6                          31                           1
15                                                       7                           6                          37                           1
16                                                       8                           6                          17                           6
17                                                       8                           6                          23                           1
18                                                       8                           6                          32                           1
19                                                       8                           6                          38                           1
20                                                       9                           6                          18                           6
21                                                       9                           6                          24                           1
22                                                       9                           6                          33                           1
23                                                       9                           6                          39                           1
24                                                      10                           6                          19                           6
25                                                      10                           6                          25                           1
26                                                      10                           6                          34                           1
27                                                      10                           6                          40                           1
28                                                      11                           6                          20                           6
29                                                      11                           6                          26                           1
30                                                      11                           6                          35                           1
31                                                      11                           6                          41                           1
32                                                      12                           6                          21                           6
33                                                      12                           6                          27                           1
34                                                      12                           6                          36                           1
35                                                      12                           6                          42                           1
36                                                      13                           6                          20                           6
37                                                      13                           6                          21                           6
38                                                      13                           6                          28                           1
39                                                      14                           6                          16                           6
40                                                      14                           6                          18                           6
41                                                      14                           6                          29                           1
42                                                      15                           6                          17                           6
43                                                      15                           6                          19                           6
44                                                      15                           6                          30                           1
   &BondOrders [&Type "ArrayOfDoubles", &Dim (45,1)] "The bond orders"
                                                         0

0                                      5.5067192915567442e-01
1                                      5.5079914210109049e-01
2                                      5.5097361021644864e-01
3                                      5.5079914210109038e-01
4                                      5.5067192915567431e-01
5                                      5.5097361021644886e-01
6                                      1.3603297309368250e+00
7                                      1.3594747437714350e+00
8                                      1.3593450718084013e+00
9                                      1.3594747437714347e+00
10                                     1.3603297309368254e+00
11                                     1.3593450718084015e+00
12                                     9.8544761246730084e-01
13                                     9.7429348753241074e-01
14                                     9.4234373416974537e-01
15                                     9.4287443415047512e-01
16                                     9.8543970672023729e-01
17                                     9.7435242667532096e-01
18                                     9.4233913355343668e-01
19                                     9.4292345596989779e-01
20                                     9.8526988556778550e-01
21                                     9.7443359873536906e-01
22                                     9.4244862722938050e-01
23                                     9.4284654780198607e-01
24                                     9.8543970672023706e-01
25                                     9.7435242667532074e-01
26                                     9.4233913355343668e-01
27                                     9.4292345596989802e-01
28                                     9.8544761246730095e-01
29                                     9.7429348753241074e-01
30                                     9.4234373416974537e-01
31                                     9.4287443415047512e-01
32                                     9.8526988556778528e-01
33                                     9.7443359873536917e-01
34                                     9.4244862722938061e-01
35                                     9.4284654780198607e-01
36                                     1.3702507628343183e+00
37                                     1.3699242804774916e+00
38                                     9.2690017605120134e-01
39                                     1.3702507628343183e+00
40                                     1.3699242804774916e+00
41                                     9.2690017605120101e-01
42                                     1.3700966564134252e+00
43                                     1.3700966564134252e+00
44                                     9.2716606697817983e-01
   &ATNO [&Type "ArrayOfIntegers", &Dim (43,1)] "Atomic number of the elements"
                                                         0

0                                                       26
1                                                        8
2                                                        8
3                                                        8
4                                                        8
5                                                        8
6                                                        8
7                                                        6
8                                                        6
9                                                        6
10                                                       6
11                                                       6
12                                                       6
13                                                       6
14                                                       6
15                                                       6
16                                                       6
17                                                       6
18                                                       6
19                                                       6
20                                                       6
21                                                       6
22                                                       1
23                                                       1
24                                                       1
25                                                       1
26                                                       1
27                                                       1
28                                                       1
29                                                       1
30                                                       1
31                                                       1
32                                                       1
33                                                       1
34                                                       1
35                                                       1
36                                                       1
37                                                       1
38                                                       1
39                                                       1
40                                                       1
41                                                       1
42                                                       1
   &NA [&Type "ArrayOfDoubles", &Dim (43,1)] "Mulliken gross atomic population"
                                                         0

0                                      2.5261187827924058e+01
1                                      8.4456854390688179e+00
2                                      8.4462001371956461e+00
3                                      8.4455702723324446e+00
4                                      8.4462001371956461e+00
5                                      8.4456854390688179e+00
6                                      8.4455702723324446e+00
7                                      6.4226566343246621e+00
8                                      6.4231403164670660e+00
9                                      6.4232600160780420e+00
10                                     6.4231403164670660e+00
11                                     6.4226566343246621e+00
12                                     6.4232600160780411e+00
13                                     6.5102964824241809e+00
14                                     6.5102964824241800e+00
15                                     6.5098394178555141e+00
16                                     5.5760598037285920e+00
17                                     5.5757213193026551e+00
18                                     5.5754476315462682e+00
19                                     5.5757213193026551e+00
20                                     5.5760598037285929e+00
21                                     5.5754476315462682e+00
22                                     8.4031115722975602e-01
23                                     8.4023574737936446e-01
24                                     8.4016502625616019e-01
25                                     8.4023574737936446e-01
26                                     8.4031115722975613e-01
27                                     8.4016502625615996e-01
28                                     8.2594697382776761e-01
29                                     8.2594697382776749e-01
30                                     8.2590855567637056e-01
31                                     8.3526093434248228e-01
32                                     8.3525129954421828e-01
33                                     8.3521997240891999e-01
34                                     8.3525129954421817e-01
35                                     8.3526093434248228e-01
36                                     8.3521997240891999e-01
37                                     8.3505738983580247e-01
38                                     8.3492335501190074e-01
39                                     8.3512219096732454e-01
40                                     8.3492335501190074e-01
41                                     8.3505738983580269e-01
42                                     8.3512219096732443e-01
   &ZA [&Type "ArrayOfDoubles", &Dim (43,1)] "Total nuclear charge"
                                                         0

0                                      2.6000000000000000e+01
1                                      8.0000000000000000e+00
2                                      8.0000000000000000e+00
3                                      8.0000000000000000e+00
4                                      8.0000000000000000e+00
5                                      8.0000000000000000e+00
6                                      8.0000000000000000e+00
7                                      6.0000000000000000e+00
8                                      6.0000000000000000e+00
9                                      6.0000000000000000e+00
10                                     6.0000000000000000e+00
11                                     6.0000000000000000e+00
12                                     6.0000000000000000e+00
13                                     6.0000000000000000e+00
14                                     6.0000000000000000e+00
15                                     6.0000000000000000e+00
16                                     6.0000000000000000e+00
17                                     6.0000000000000000e+00
18                                     6.0000000000000000e+00
19                                     6.0000000000000000e+00
20                                     6.0000000000000000e+00
21                                     6.0000000000000000e+00
22                                     1.0000000000000000e+00
23                                     1.0000000000000000e+00
24                                     1.0000000000000000e+00
25                                     1.0000000000000000e+00
26                                     1.0000000000000000e+00
27                                     1.0000000000000000e+00
28                                     1.0000000000000000e+00
29                                     1.0000000000000000e+00
30                                     1.0000000000000000e+00
31                                     1.0000000000000000e+00
32                                     1.0000000000000000e+00
33                                     1.0000000000000000e+00
34                                     1.0000000000000000e+00
35                                     1.0000000000000000e+00
36                                     1.0000000000000000e+00
37                                     1.0000000000000000e+00
38                                     1.0000000000000000e+00
39                                     1.0000000000000000e+00
40                                     1.0000000000000000e+00
41                                     1.0000000000000000e+00
42                                     1.0000000000000000e+00
   &QA [&Type "ArrayOfDoubles", &Dim (43,1)] "Mulliken gross atomic charge"
                                                         0

0                                      7.3881217207594219e-01
1                                     -4.4568543906881786e-01
2                                     -4.4620013719564611e-01
3                                     -4.4557027233244462e-01
4                                     -4.4620013719564611e-01
5                                     -4.4568543906881786e-01
6                                     -4.4557027233244462e-01
7                                     -4.2265663432466205e-01
8                                     -4.2314031646706596e-01
9                                     -4.2326001607804198e-01
10                                    -4.2314031646706596e-01
11                                    -4.2265663432466205e-01
12                                    -4.2326001607804109e-01
13                                    -5.1029648242418091e-01
14                                    -5.1029648242418002e-01
15                                    -5.0983941785551412e-01
16                                     4.2394019627140800e-01
17                                     4.2427868069734487e-01
18                                     4.2455236845373179e-01
19                                     4.2427868069734487e-01
20                                     4.2394019627140711e-01
21                                     4.2455236845373179e-01
22                                     1.5968884277024398e-01
23                                     1.5976425262063554e-01
24                                     1.5983497374383981e-01
25                                     1.5976425262063554e-01
26                                     1.5968884277024387e-01
27                                     1.5983497374384004e-01
28                                     1.7405302617223239e-01
29                                     1.7405302617223251e-01
30                                     1.7409144432362944e-01
31                                     1.6473906565751772e-01
32                                     1.6474870045578172e-01
33                                     1.6478002759108001e-01
34                                     1.6474870045578183e-01
35                                     1.6473906565751772e-01
36                                     1.6478002759108001e-01
37                                     1.6494261016419753e-01
38                                     1.6507664498809926e-01
39                                     1.6487780903267546e-01
40                                     1.6507664498809926e-01
41                                     1.6494261016419731e-01
42                                     1.6487780903267557e-01
   &VA [&Type "ArrayOfDoubles", &Dim (43,1)] "Mayer's total valence"
                                                         0

0                                      7.4132588003806603e+00
1                                      1.9653500148823682e+00
2                                      1.9645406297214016e+00
3                                      1.9647261357216799e+00
4                                      1.9645406297214034e+00
5                                      1.9653500148823717e+00
6                                      1.9647261357216816e+00
7                                      3.9081942019452489e+00
8                                      3.9085577814424490e+00
9                                      3.9087230713185517e+00
10                                     3.9085577814424504e+00
11                                     3.9081942019452516e+00
12                                     3.9087230713185517e+00
13                                     3.8939813283216438e+00
14                                     3.8939813283216407e+00
15                                     3.8933269433955413e+00
16                                     3.8372462119026185e+00
17                                     3.8355588278637285e+00
18                                     3.8354499081151836e+00
19                                     3.8355588278637294e+00
20                                     3.8372462119026194e+00
21                                     3.8354499081151863e+00
22                                     9.6876290604916093e-01
23                                     9.6877101263006260e-01
24                                     9.6878194094906300e-01
25                                     9.6877101263006260e-01
26                                     9.6876290604916115e-01
27                                     9.6878194094906267e-01
28                                     9.5999365861448405e-01
29                                     9.5999365861448394e-01
30                                     9.5998597426121535e-01
31                                     9.6762013643063172e-01
32                                     9.6762349105950463e-01
33                                     9.6763364878525249e-01
34                                     9.6762349105950418e-01
35                                     9.6762013643063172e-01
36                                     9.6763364878525271e-01
37                                     9.6740968255856474e-01
38                                     9.6739305082545823e-01
39                                     9.6752916510945419e-01
40                                     9.6739305082545823e-01
41                                     9.6740968255856519e-01
42                                     9.6752916510945353e-01
   &BVA [&Type "ArrayOfDoubles", &Dim (43,1)] "Mayer's bonded valence"
                                                         0

0                                      3.5689338966981978e+00
1                                      1.9587354382320861e+00
2                                      1.9579379900931997e+00
3                                      1.9581133625104794e+00
4                                      1.9579379900931961e+00
5                                      1.9587354382320896e+00
6                                      1.9581133625104812e+00
7                                      3.9081470991111282e+00
8                                      3.9085108297556257e+00
9                                      3.9086760630791844e+00
10                                     3.9085108297556252e+00
11                                     3.9081470991111305e+00
12                                     3.9086760630791844e+00
13                                     3.8935883224109538e+00
14                                     3.8935883224109542e+00
15                                     3.8929345287727255e+00
16                                     3.8371359488986982e+00
17                                     3.8354484920273970e+00
18                                     3.8353398274389012e+00
19                                     3.8354484920273997e+00
20                                     3.8371359488987000e+00
21                                     3.8353398274389017e+00
22                                     9.6875972751792150e-01
23                                     9.6876783555402346e-01
24                                     9.6877876128212881e-01
25                                     9.6876783555402324e-01
26                                     9.6875972751792150e-01
27                                     9.6877876128212903e-01
28                                     9.5999348986564292e-01
29                                     9.5999348986564270e-01
30                                     9.5998580330276218e-01
31                                     9.6761989618780753e-01
32                                     9.6762324998679361e-01
33                                     9.6763340775626128e-01
34                                     9.6762324998679361e-01
35                                     9.6761989618780753e-01
36                                     9.6763340775626150e-01
37                                     9.6740945130316147e-01
38                                     9.6739282010733074e-01
39                                     9.6752893242970961e-01
40                                     9.6739282010733074e-01
41                                     9.6740945130316192e-01
42                                     9.6752893242970961e-01
   &FA [&Type "ArrayOfDoubles", &Dim (43,1)] "Mayer's free valence"
                                                         0

0                                      3.8443249036824625e+00
1                                      6.6145766502820891e-03
2                                      6.6026396282019562e-03
3                                      6.6127732112004622e-03
4                                      6.6026396282072852e-03
5                                      6.6145766502820891e-03
6                                      6.6127732112004622e-03
7                                      4.7102834120682502e-05
8                                      4.6951686823337724e-05
9                                      4.7008239367318794e-05
10                                     4.6951686825114081e-05
11                                     4.7102834121126591e-05
12                                     4.7008239367318794e-05
13                                     3.9300591069002522e-04
14                                     3.9300591068647250e-04
15                                     3.9241462281580652e-04
16                                     1.1026300392025234e-04
17                                     1.1033583633146549e-04
18                                     1.1008067628237583e-04
19                                     1.1033583632968913e-04
20                                     1.1026300391936417e-04
21                                     1.1008067628459628e-04
22                                     3.1785312394061460e-06
23                                     3.1770760390847919e-06
24                                     3.1796669342498696e-06
25                                     3.1770760393207143e-06
26                                     3.1785312396143128e-06
27                                     3.1796669336808803e-06
28                                     1.6874884115058997e-07
29                                     1.6874884124773448e-07
30                                     1.7095845315784342e-07
31                                     2.4024282420376242e-07
32                                     2.4107271097417726e-07
33                                     2.4102899116862364e-07
34                                     2.4107271055784363e-07
35                                     2.4024282413437348e-07
36                                     2.4102899116862364e-07
37                                     2.3125540321577986e-07
38                                     2.3071812750574683e-07
39                                     2.3267974463836438e-07
40                                     2.3071812749186904e-07
41                                     2.3125540329904659e-07
42                                     2.3267974397223057e-07
   &Method [&Type "String"] "SCF"
   &Level [&Type "String"] "Relaxed density"
   &Mult [&Type "Integer"] 6
   &State [&Type "Integer"] -1
   &Irrep [&Type "Integer"] 0
$End
$SCF_Energy
   &GeometryIndex 1
   &Method [&Type "String"] "SCF"
   &totalEnergy [&Type "ArrayOfDoubles", &Dim (1,1)] "Total energy of each state"
                                                         0

0                                     -2.2984755441839984e+03
   &Mult [&Type "ArrayOfIntegers", &Dim (1,1)] "Multiplicity of each state"
                                                         0

0                                                        6
   &Irrep [&Type "ArrayOfIntegers", &Dim (1,1)] "Irreducible representation of each state"
                                                         0

0                                                        0
$End
$DFT_Energy
   &GeometryIndex 1
   &nAlphaEl [&Type "Integer"] 95
   &nBetaEl [&Type "Integer"] 90
   &nTotalEl [&Type "Integer"] 185
   &finalEn [&Type "Double"]      -2.2984755441839984e+03  "No Van der Waals correction"
   &eExchange [&Type "Double"]      -1.4159907891186322e+02
   &eCorr [&Type "Double"]      -6.4694470823923584e+00
   &eXC [&Type "Double"]      -1.4806852599425557e+02
   &eCNL [&Type "Double"]       0.0000000000000000e+00
$End
$Solvation_Details
   &GeometryIndex 1
   &Solvent [&Type "String"] "WATER"
   &Epsilon [&Type "Double"]       7.8355000000000004e+01
   &Refrac [&Type "Double"]       1.3328000000000000e+00
   &RSolv [&Type "Double"]       1.3000000000000000e+00
   &SurfaceType [&Type "String"] "GAUSSIAN VDW"
   &CPCMDielEnergy [&Type "Double"]      -4.5578018999999997e-02
   &NPoints [&Type "Integer"] 3230
   &SurfaceArea [&Type "Double"]       1.2908477575669999e+03
$End
$SCF_Timings
   &GeometryIndex 1
   &TOTAL [&Type "Double"]       1.7401042099999998e+02
   &PREP [&Type "Double"]       1.5005130000000000e+00
   &FOCK [&Type "Double"]       1.5951234100000005e+02
   &DENS [&Type "Double"]       9.0730200000001560e-01
   &ETOT [&Type "Double"]       3.7271199999997862e-01
   &POP [&Type "Double"]       2.6824600000000487e-01
   &TRAFO [&Type "Double"]       7.7163799999997806e-01
   &DIIS [&Type "Double"]       3.9804830000000120e+00
   &SOSCF [&Type "Double"]       3.7961510000000498e+00
   &XC [&Type "Double"]       2.2917902999999985e+01
   &FOCKSTART [&Type "Double"]       1.1413100000000598e-01
   &SOLV [&Type "Double"]       1.4490500000000040e+01
   &SOLV_INIT [&Type "Double"]       3.2146399999999997e-01
   &SOLV_FINAL [&Type "Double"]       9.9999999747524271e-07
   &INT_PREP [&Type "Double"]       1.9999999949504854e-06
   &INT_BF [&Type "Double"]       3.4931739999985343e+00
   &INT_DENS [&Type "Double"]       1.0271445000000286e+01
   &INT_DENSIO [&Type "Double"]       6.7680318404100055e+05
   &INT_FUNC [&Type "Double"]       2.6515500000041925e-01
   &INT_POT [&Type "Double"]       6.8626360000011690e+00
   &INT_POTIO [&Type "Double"]       1.1740199999982082e-01
   &INT_SUM [&Type "Double"]       4.6099999995696805e-04
   &SPLITRIJ [&Type "Double"]       1.2001308000000000e+01
   &COSX [&Type "Double"]       1.1289739100000001e+02
   &FROZCORE [&Type "Double"]       3.7152999999989333e-02
$End
$CIS_Absorption_Spectrum
   &GeometryIndex 1
   &Method [&Type "Integer"] 20
   &RelCorrection [&Type "Integer"] 1 "Type of relativistic treatment in QDPT. 0->Unknow, 1->None, 2->SOC, 3->SSC, 4->SOC/SSC"
   &DensType [&Type "Integer"] 3 "Type of density (electron/spin ...). 0->Unknow, 1->Electronic, 2->Spin, 3->Trans/Electronic, 4->Tran/Spin"
   &DeriType [&Type "Integer"] 0 "Type of derivative (w.r.t. to what perturbation). 0->Unknown, 1->No Derivative, 2->Electric/Dipole, 3->Electric/Quad, 4->Magnetic/Dipole, 5->Magnetic/Quad"
   &DensLevel [&Type "Integer"] 0 "// Source of density: relaxed, unrelaxed, ... 0->Unknown, 1->Linearized, 2->Unrelaxed, 3->Relaxed"
   &Density_name [&Type "String"] "Tdens-CIS"
   &Representation [&Type "String"] "Length" "Possible values: Unknown,  Length, Velocity"
   &PointGroup [&Type "String"] "D3"
   &DoHigherMoments [&Type "Boolean"] false
   &NTrans [&Type "Integer"] 70
   &ExcitationEnergies [&Type "ArrayOfDoubles", &Dim (70,11)] 
                                                         0                           1                           2                           3                           4                           5                           6                           7

0                                      2.5061652480500007e+00         2.0213588036151410e+04         4.9471672135176061e+02         4.3521976317501170e-03         7.0882787048223594e-02         1.1629213677972765e-05         0.0000000000000000e+00        -1.5941367295082699e-03
1                                      2.6103370608442455e+00         2.1053790457137158e+04         4.7497385425008048e+02         2.8107555080475973e-03         4.3950959583208785e-02        -2.0964483732111180e-01         0.0000000000000000e+00         3.7410952873272029e-05
2                                      2.6113554557512972e+00         2.1062004366864490e+04         4.7478862058030728e+02         2.8335614113872052e-03         4.4290289425871501e-02         3.4093513925781245e-05         0.0000000000000000e+00         2.1043879804198320e-01
3                                      2.7337904991231521e+00         2.2049509691915435e+04         4.5352482389513403e+02         9.4989925164162877e-03         1.4182545847652223e-01         3.7659408267130995e-01         0.0000000000000000e+00        -1.5345997719451736e-03
4                                      2.7345358650266456e+00         2.2055521473988123e+04         4.5340120440107557e+02         9.8682566905127084e-03         1.4729862555260717e-01        -1.5540731741557848e-03         0.0000000000000000e+00        -3.8378733136366983e-01
5                                      2.8184467370398645e+00         2.2732308369804017e+04         4.3990253155650873e+02         1.7272905665945443e-03         2.5014823892062738e-02         2.1793666898928770e-05         0.0000000000000000e+00         8.6671380178525975e-03
6                                      2.8507948878989797e+00         2.2993213829133245e+04         4.3491092955999187e+02         3.4602795267462731e-02         4.9543546577034553e-01        -2.4731401624854955e-03         0.0000000000000000e+00        -7.0386667214335341e-01
7                                      2.8517730948954165e+00         2.3001103601467865e+04         4.3476174766509149e+02         3.5046715210311788e-02         5.0161929408344796e-01        -7.0824652098968011e-01         0.0000000000000000e+00         2.4818423102427635e-03
8                                      3.0424622356581565e+00         2.4539115405495886e+04         4.0751265213742613e+02         1.0227267937648784e-06         1.3720701561593217e-05        -3.7041263467836923e-03         0.0000000000000000e+00        -1.2199573331049826e-05
9                                      3.1297437056383117e+00         2.5243088010152071e+04         3.9614804638712491e+02         9.7381789248139551e-04         1.2700208639937229e-02         1.4553272636011856e-06         0.0000000000000000e+00         2.9140931052382607e-04
10                                     3.3048920994977244e+00         2.6655755224104727e+04         3.7515350497205299e+02         1.0705925979923147e-03         1.3222355574149513e-02        -1.5841794237603978e-04         0.0000000000000000e+00         1.1498723646962823e-01
11                                     3.3053465719956776e+00         2.6659420792388595e+04         3.7510192280152808e+02         1.0484039392793883e-03         1.2946534165966602e-02        -1.1378273596790058e-01         0.0000000000000000e+00        -1.5209660267557728e-04
12                                     3.3702772212177661e+00         2.7183121851333679e+04         3.6787533288820441e+02         6.3941833990308906e-06         7.7439286702686780e-05        -8.7999423091298136e-03         0.0000000000000000e+00         1.7336282277515813e-05
13                                     3.3721421371655969e+00         2.7198163414423274e+04         3.6767188459118404e+02         6.0826746602522127e-06         7.3625896631115032e-05         2.2059238807573156e-05         0.0000000000000000e+00         8.5799625524282021e-03
14                                     3.4478876043813402e+00         2.7809091872192035e+04         3.5959462631714320e+02         3.3195196403988532e-03         3.9297418595057920e-02         9.7294967958099992e-05         0.0000000000000000e+00        -4.8182859419172545e-03
15                                     3.4522044791210500e+00         2.7843909818718130e+04         3.5914496437843928e+02         7.5584095329187949e-04         8.9366713764374474e-03         9.4526374373771455e-02         0.0000000000000000e+00        -1.1484865852637370e-03
16                                     3.4524377728387927e+00         2.7845791459645658e+04         3.5912069565313232e+02         7.7150807763241489e-04         9.1212949275217333e-03         1.1437242913999264e-03         0.0000000000000000e+00         9.4811716843260466e-02
17                                     3.5381747258684828e+00         2.8537306693673210e+04         3.5041849279410184e+02         4.3433789015696707e-03         5.0106067831234218e-02        -1.6714059577901850e-05         0.0000000000000000e+00         2.3601818058982872e-03
18                                     3.5662064241830000e+00         2.8763397611709919e+04         3.4766407414709869e+02         1.6007597752247906e-03         1.8321522702482957e-02        -1.3535671230409302e-01         0.0000000000000000e+00        -2.8740323327694478e-04
19                                     3.5664905747391997e+00         2.8765689440745431e+04         3.4763637494588971e+02         1.6179104254019474e-03         1.8516345397473342e-02        -2.8573360453789401e-04         0.0000000000000000e+00         1.3601504205764467e-01
20                                     3.5736896559408731e+00         2.8823753952557912e+04         3.4693607281200678e+02         3.1449772362183917e-05         3.5920514761296441e-04        -1.8952508646185095e-02         0.0000000000000000e+00        -8.6773306825852436e-05
21                                     4.1023408927689058e+00         3.3087614176602714e+04         3.0222789550874637e+02         2.0652828305241019e-04         2.0548951586357497e-03        -4.5330948696906653e-02         0.0000000000000000e+00         1.5724644200542432e-05
22                                     4.1026512563844575e+00         3.3090117428242265e+04         3.0220503211224769e+02         2.0756488765468427e-04         2.0650528348808758e-03        -1.0977212144793735e-05         0.0000000000000000e+00        -4.5442291807016109e-02
23                                     4.1356119730106276e+00         3.3355963564196834e+04         2.9979646610280093e+02         3.2924846767337613e-04         3.2495697176833714e-03        -2.4094684664742657e-06         0.0000000000000000e+00        -1.4351249326142757e-04
24                                     4.1694494017592190e+00         3.3628880861034639e+04         2.9736344903427556e+02         8.8606657920244330e-04         8.6742019441815050e-03         3.9598544969982746e-04         0.0000000000000000e+00         9.3133992729268408e-02
25                                     4.1703968591995473e+00         3.3636522621447482e+04         2.9729589210341709e+02         8.8391897666894453e-04         8.6512119760075636e-03        -9.3011050535874898e-02         0.0000000000000000e+00         3.9554192389339702e-04
26                                     4.2590322409679873e+00         3.4351415262261289e+04         2.9110882109669791e+02         1.2096374677487382e-07         1.1592742334735754e-06         1.0766873543513872e-03         0.0000000000000000e+00         4.1290268832359266e-06
27                                     4.2984447264555738e+00         3.4669298428882779e+04         2.8843964121492172e+02         1.3337791723651894e-03         1.2665270373300086e-02         3.9559565567213592e-03         0.0000000000000000e+00        -1.1247038788429399e-01
28                                     4.2985965313659218e+00         3.4670522818185134e+04         2.8842945497074743e+02         1.1399170911005150e-03         1.0824016903125937e-02         1.0395167273907333e-01         0.0000000000000000e+00         4.2504866400270049e-03
29                                     4.3333971488385519e+00         3.4951208756808999e+04         2.8611313759075227e+02         1.9490723179779273e-04         1.8358675294637785e-03         8.7055899569992633e-05         0.0000000000000000e+00        -4.2121440748220045e-02
30                                     4.3381792665308083e+00         3.4989779141202795e+04         2.8579774566865819e+02         6.0323018360603879e-03         5.6756741006059153e-02        -2.6345984753709723e-03         0.0000000000000000e+00         2.3822124887714324e-01
31                                     4.3386898902744528e+00         3.4993897599873293e+04         2.8576410991258683e+02         6.3952099505519477e-03         6.0164190443081862e-02        -2.4527032020732101e-01         0.0000000000000000e+00        -2.5807867139653385e-03
32                                     4.4205198147130282e+00         3.5653900519839466e+04         2.8047422173165990e+02         1.5559276932748511e-03         1.4366730649004501e-02         6.7574601611484982e-05         0.0000000000000000e+00         1.0163747129690153e-02
33                                     4.4445610351882534e+00         3.5847806060166709e+04         2.7895709944469320e+02         4.2071144769207881e-03         3.8636460653644636e-02         1.9656154028617479e-01         0.0000000000000000e+00         1.3860784349662569e-04
34                                     4.4449422297427201e+00         3.5850880601915946e+04         2.7893317631549559e+02         4.3214400766924859e-03         3.9682977873194226e-02         1.4908004802420658e-04         0.0000000000000000e+00        -1.9910603271579388e-01
35                                     4.4984713782403984e+00         3.6282622346200333e+04         2.7561403650988422e+02         4.9234985698205650e-07         4.4673577751586429e-06        -2.1136107766744293e-03         0.0000000000000000e+00         2.6929770675672438e-06
36                                     4.5468426419287971e+00         3.6672762939581451e+04         2.7268193608632782e+02         3.0031748748145662e-08         2.6959546229587515e-07         5.1921765790743175e-04         0.0000000000000000e+00        -2.5829024227401323e-06
37                                     4.6486960649547608e+00         3.7494266284071848e+04         2.6670744599283324e+02         8.6732712912552783e-03         7.6154164675699410e-02         1.0447478464035501e-03         0.0000000000000000e+00        -2.7595843663037556e-01
38                                     4.6490857458695203e+00         3.7497409272940051e+04         2.6668509088750523e+02         8.7684825089214338e-03         7.6983697148985078e-02        -2.7745736422510237e-01         0.0000000000000000e+00        -1.0526834230081359e-03
39                                     4.7089446328790201e+00         3.7980203806642094e+04         2.6329505894465916e+02         1.9590405012517493e-03         1.6980939360640948e-02         1.3031092074268710e-01         0.0000000000000000e+00        -3.7059940826776693e-05
40                                     4.7107455115150012e+00         3.7994728873925327e+04         2.6319440344428165e+02         1.8351928460299551e-03         1.5901348106426759e-02         4.5083789087317876e-05         0.0000000000000000e+00         1.2574288836340394e-01
41                                     4.7478473042796452e+00         3.8293975044915329e+04         2.6113768519123215e+02         1.6735333838052417e-02         1.4387307221856757e-01         1.4610215481923438e-05         0.0000000000000000e+00        -6.0871009552158252e-05
42                                     4.7763858870245040e+00         3.8524154262023636e+04         2.5957740517766035e+02         1.3231418873944719e-02         1.1307039059061444e-01        -3.3625848403357533e-01         0.0000000000000000e+00        -7.8888831691226852e-04
43                                     4.7768760751278174e+00         3.8528107896121910e+04         2.5955076815507363e+02         1.3462707590651077e-02         1.1503508530148369e-01         8.0858514906129489e-04         0.0000000000000000e+00        -3.3909779511140747e-01
44                                     4.7888477363191972e+00         3.8624665865561161e+04         2.5890191606592720e+02         4.0594227128225256e-06         3.4599922748698257e-05         5.8821070606427297e-03         0.0000000000000000e+00        -2.7120202938250112e-05
45                                     4.8231792656429091e+00         3.8901568352713810e+04         2.5705904474934596e+02         8.9195100553906472e-05         7.5483056244552923e-04        -2.4611248127227348e-05         0.0000000000000000e+00        -2.1907830989543190e-02
46                                     4.8246745048729665e+00         3.8913628271681795e+04         2.5697937828319118e+02         7.0154286494742975e-05         5.9351004457413345e-04         2.4361958895144115e-02         0.0000000000000000e+00        -3.2632991102281234e-05
47                                     4.8408301822946349e+00         3.9043932611389908e+04         2.5612174110460370e+02         3.7765504465260391e-02         3.1843245350474830e-01        -4.0256928436818700e-05         0.0000000000000000e+00         7.0901952095900837e-03
48                                     4.8537976898765578e+00         3.9148522624486854e+04         2.5543748089602593e+02         3.8761236402035564e-03         3.2595513828079965e-02        -1.8053987083207740e-01         0.0000000000000000e+00        -9.2717184940093399e-04
49                                     4.8541020298756985e+00         3.9150977292378499e+04         2.5542146560787629e+02         4.2586779679270222e-03         3.5810285274956187e-02         8.7885668848682150e-04         0.0000000000000000e+00        -1.8923083586019770e-01
50                                     4.8846253779800550e+00         3.9397164723373149e+04         2.5382537221180539e+02         1.5394915391169085e-02         1.2864352310664759e-01        -5.8662086079740378e-04         0.0000000000000000e+00        -3.5863456813943295e-01
51                                     4.8862740097384778e+00         3.9410461836647701e+04         2.5373973138018445e+02         1.5215694179245298e-02         1.2710300952732048e-01        -3.5651455176606228e-01         0.0000000000000000e+00         6.1882852981359391e-04
52                                     4.8911589723531952e+00         3.9449861721369081e+04         2.5348631309861420e+02         2.5514666188538123e-04         2.1292173324473748e-03         4.6143426649731513e-02         0.0000000000000000e+00        -1.1749453933090454e-05
53                                     4.8922508727716156e+00         3.9458668493089994e+04         2.5342973754299899e+02         4.6892469417754224e-05         3.9123370726991727e-04         5.0382554795951286e-05         0.0000000000000000e+00        -1.6394681417633769e-02
54                                     4.8999435559574289e+00         3.9520714173809429e+04         2.5303186465762423e+02         3.1460366595299563e-02         2.6206835473290707e-01         7.5753669007738521e-05         0.0000000000000000e+00        -2.0726333285640913e-02
55                                     4.9435789257209555e+00         3.9872657202662514e+04         2.5079843435496556e+02         1.4997102182592484e-07         1.2382483525940252e-06        -1.1126930795316637e-03         0.0000000000000000e+00         3.3197531675528051e-06
56                                     4.9510449200908591e+00         3.9932874514585936e+04         2.5042023950335422e+02         1.0467301942812533e-01         8.6293834208701647e-01        -9.2687484591818254e-06         0.0000000000000000e+00         1.5498557385474278e-03
57                                     5.0022946643770005e+00         4.0346231622128711e+04         2.4785462230170950e+02         4.0848432685247631e-08         3.3330974212785584e-07        -5.7723498225200134e-04         0.0000000000000000e+00         5.7202162434172616e-06
58                                     5.0127616474308381e+00         4.0430653542668973e+04         2.4733708520062331e+02         1.6261152828810885e-06         1.3240858889956007e-05         3.6387643122106142e-03         0.0000000000000000e+00         1.5826838550578466e-05
59                                     5.0147177130969824e+00         4.0446430277893385e+04         2.4724060767028067e+02         3.0212266365545305e-06         2.4591141829638168e-05         2.3284256373017086e-06         0.0000000000000000e+00        -4.3774326462624026e-03
60                                     5.1040115358598976e+00         4.1166633604033617e+04         2.4291517485219319e+02         2.2373382323904670e-01         1.7892123090626511e+00        -1.1020093047477232e-02         0.0000000000000000e+00         1.3375217462345395e+00
61                                     5.1044677484840983e+00         4.1170313207383668e+04         2.4289346426945701e+02         2.2189787790554347e-01         1.7743715492552519e+00         1.3320099515543591e+00         0.0000000000000000e+00         1.1001630732432826e-02
62                                     5.1956047398080951e+00         4.1905382692091815e+04         2.3863282847163100e+02         1.7011174527920261e-01         1.3364111071139233e+00         1.1560315636013283e+00         0.0000000000000000e+00         1.4597937648855085e-03
63                                     5.1962503802252602e+00         4.1910590133788726e+04         2.3860317805303106e+02         1.6831131313254014e-01         1.3221024788287221e+00        -1.3844469784748856e-03         0.0000000000000000e+00         1.1498101252988402e+00
64                                     5.3544387279585868e+00         4.3186465336227549e+04         2.3155402791465232e+02         3.6594018708868620e-01         2.7895749409764243e+00         8.6251146203153105e-06         0.0000000000000000e+00         1.7922599966665607e-03
65                                     5.5073866214388287e+00         4.4420073420216555e+04         2.2512344600152730e+02         5.5884362988197877e-04         4.1417761232259414e-03         2.4931278479756886e-06         0.0000000000000000e+00         4.3683212904655259e-04
66                                     5.5365321308913487e+00         4.4655147831864138e+04         2.2393834721255578e+02         1.2793005575464924e-05         9.4314104385844822e-05         9.7115044863784715e-03         0.0000000000000000e+00        -2.7889114267190606e-05
67                                     5.5753830545989995e+00         4.4968501696802392e+04         2.2237787835192822e+02         3.1157068106282142e-02         2.2809919539804624e-01        -2.8337880301363620e-04         0.0000000000000000e+00        -4.7759704196303970e-01
68                                     5.5764756835899689e+00         4.4977314344857819e+04         2.2233430665348922e+02         3.0949020760276332e-02         2.2653169785372693e-01        -4.7595338907614027e-01         0.0000000000000000e+00         2.6317361204745971e-04
69                                     5.6006696805764804e+00         4.5172452110978295e+04         2.2137385801931464e+02         1.0061111937824626e-06         7.3324296017654861e-06        -1.1893928889538210e-06         0.0000000000000000e+00        -2.7043355445980008e-03
                                                         8                           9                          10

0                                      0.0000000000000000e+00        -2.6623344200357818e-01         0.0000000000000000e+00
1                                      0.0000000000000000e+00        -1.9189423134646257e-05         0.0000000000000000e+00
2                                      0.0000000000000000e+00        -2.4084314707325878e-03         0.0000000000000000e+00
3                                      0.0000000000000000e+00        -1.9416918595038832e-05         0.0000000000000000e+00
4                                      0.0000000000000000e+00        -1.8694100484458272e-03         0.0000000000000000e+00
5                                      0.0000000000000000e+00        -1.5792309563733328e-01         0.0000000000000000e+00
6                                      0.0000000000000000e+00        -1.0281993597127039e-03         0.0000000000000000e+00
7                                      0.0000000000000000e+00        -6.9433162898163121e-06         0.0000000000000000e+00
8                                      0.0000000000000000e+00         8.5968986003866754e-07         0.0000000000000000e+00
9                                      0.0000000000000000e+00         1.1269482560629389e-01         0.0000000000000000e+00
10                                     0.0000000000000000e+00        -5.1568108637630372e-04         0.0000000000000000e+00
11                                     0.0000000000000000e+00         5.3149865106143796e-06         0.0000000000000000e+00
12                                     0.0000000000000000e+00        -1.2296302768991858e-06         0.0000000000000000e+00
13                                     0.0000000000000000e+00        -9.8247748208287749e-05         0.0000000000000000e+00
14                                     0.0000000000000000e+00        -1.9817717640871022e-01         0.0000000000000000e+00
15                                     0.0000000000000000e+00         3.4191044225034692e-04         0.0000000000000000e+00
16                                     0.0000000000000000e+00        -1.1433510899998989e-02         0.0000000000000000e+00
17                                     0.0000000000000000e+00         2.2383140327871229e-01         0.0000000000000000e+00
18                                     0.0000000000000000e+00        -2.3153648783739988e-05         0.0000000000000000e+00
19                                     0.0000000000000000e+00        -4.0214534484105278e-03         0.0000000000000000e+00
20                                     0.0000000000000000e+00        -5.8328780354188668e-06         0.0000000000000000e+00
21                                     0.0000000000000000e+00         1.2687519386580781e-06         0.0000000000000000e+00
22                                     0.0000000000000000e+00         2.2545444703041460e-04         0.0000000000000000e+00
23                                     0.0000000000000000e+00        -5.7004816603881035e-02         0.0000000000000000e+00
24                                     0.0000000000000000e+00         3.2332338256133237e-04         0.0000000000000000e+00
25                                     0.0000000000000000e+00         8.9829291878734484e-07         0.0000000000000000e+00
26                                     0.0000000000000000e+00         1.2351479195840043e-06         0.0000000000000000e+00
27                                     0.0000000000000000e+00        -1.8063825141974730e-04         0.0000000000000000e+00
28                                     0.0000000000000000e+00         1.0942982899282360e-06         0.0000000000000000e+00
29                                     0.0000000000000000e+00         7.8513807720882213e-03         0.0000000000000000e+00
30                                     0.0000000000000000e+00         6.6066659285070664e-04         0.0000000000000000e+00
31                                     0.0000000000000000e+00        -2.9012236669391740e-06         0.0000000000000000e+00
32                                     0.0000000000000000e+00         1.1942957894492232e-01         0.0000000000000000e+00
33                                     0.0000000000000000e+00        -4.8185442209279367e-05         0.0000000000000000e+00
34                                     0.0000000000000000e+00         6.3042354422024969e-03         0.0000000000000000e+00
35                                     0.0000000000000000e+00        -8.8084460247154497e-08         0.0000000000000000e+00
36                                     0.0000000000000000e+00         1.3470813156372787e-06         0.0000000000000000e+00
37                                     0.0000000000000000e+00        -1.2012558364165916e-04         0.0000000000000000e+00
38                                     0.0000000000000000e+00        -6.6223030983173105e-06         0.0000000000000000e+00
39                                     0.0000000000000000e+00        -4.3845123482517734e-05         0.0000000000000000e+00
40                                     0.0000000000000000e+00         9.4906322185221888e-03         0.0000000000000000e+00
41                                     0.0000000000000000e+00        -3.7930603514817607e-01         0.0000000000000000e+00
42                                     0.0000000000000000e+00         1.2699592392663865e-05         0.0000000000000000e+00
43                                     0.0000000000000000e+00         6.8641708983917769e-03         0.0000000000000000e+00
44                                     0.0000000000000000e+00        -1.9417589427357838e-06         0.0000000000000000e+00
45                                     0.0000000000000000e+00        -1.6579411873332717e-02         0.0000000000000000e+00
46                                     0.0000000000000000e+00        -6.2757097875309334e-05         0.0000000000000000e+00
47                                     0.0000000000000000e+00        -5.6425364953717216e-01         0.0000000000000000e+00
48                                     0.0000000000000000e+00         9.6022801720171055e-05         0.0000000000000000e+00
49                                     0.0000000000000000e+00         1.0971078015417860e-03         0.0000000000000000e+00
50                                     0.0000000000000000e+00         4.9422179287924497e-03         0.0000000000000000e+00
51                                     0.0000000000000000e+00        -3.0945352646589165e-05         0.0000000000000000e+00
52                                     0.0000000000000000e+00         3.7032668746997239e-05         0.0000000000000000e+00
53                                     0.0000000000000000e+00        -1.1065513548063802e-02         0.0000000000000000e+00
54                                     0.0000000000000000e+00        -5.1150637151732647e-01         0.0000000000000000e+00
55                                     0.0000000000000000e+00         1.2306201496573467e-05         0.0000000000000000e+00
56                                     0.0000000000000000e+00         9.2894345357954722e-01         0.0000000000000000e+00
57                                     0.0000000000000000e+00         8.7633622837418894e-06         0.0000000000000000e+00
58                                     0.0000000000000000e+00         1.6374736385731430e-06         0.0000000000000000e+00
59                                     0.0000000000000000e+00         2.3300686332184206e-03         0.0000000000000000e+00
60                                     0.0000000000000000e+00        -1.1244774856974098e-02         0.0000000000000000e+00
61                                     0.0000000000000000e+00        -4.8338730198834690e-05         0.0000000000000000e+00
62                                     0.0000000000000000e+00        -8.5764390312287713e-06         0.0000000000000000e+00
63                                     0.0000000000000000e+00         6.1022860922132589e-03         0.0000000000000000e+00
64                                     0.0000000000000000e+00        -1.6702011042704217e+00         0.0000000000000000e+00
65                                     0.0000000000000000e+00         6.4355149713921783e-02         0.0000000000000000e+00
66                                     0.0000000000000000e+00        -2.6822007802813231e-06         0.0000000000000000e+00
67                                     0.0000000000000000e+00        -4.2497371062354236e-04         0.0000000000000000e+00
68                                     0.0000000000000000e+00        -4.5070062985856064e-06         0.0000000000000000e+00
69                                     0.0000000000000000e+00         1.3783123497188916e-04         0.0000000000000000e+00
   &States [&Type "ArrayOfIntegers", &Dim (70,4)] "The initial and Final states. Col1: Initial State  Col2: Initial Irrep Col3: Final State Col4: Final Irrep"
                                                         0                           1                           2                           3

0                                                        0                           0                           1                           1
1                                                        0                           0                           2                           0
2                                                        0                           0                           3                           1
3                                                        0                           0                           4                           0
4                                                        0                           0                           5                           1
5                                                        0                           0                           6                           1
6                                                        0                           0                           7                           1
7                                                        0                           0                           8                           0
8                                                        0                           0                           9                           0
9                                                        0                           0                          10                           1
10                                                       0                           0                          11                           1
11                                                       0                           0                          12                           0
12                                                       0                           0                          13                           0
13                                                       0                           0                          14                           1
14                                                       0                           0                          15                           1
15                                                       0                           0                          16                           0
16                                                       0                           0                          17                           1
17                                                       0                           0                          18                           1
18                                                       0                           0                          19                           0
19                                                       0                           0                          20                           1
20                                                       0                           0                          21                           0
21                                                       0                           0                          22                           0
22                                                       0                           0                          23                           1
23                                                       0                           0                          24                           1
24                                                       0                           0                          25                           1
25                                                       0                           0                          26                           0
26                                                       0                           0                          27                           0
27                                                       0                           0                          28                           1
28                                                       0                           0                          29                           0
29                                                       0                           0                          30                           1
30                                                       0                           0                          31                           1
31                                                       0                           0                          32                           0
32                                                       0                           0                          33                           1
33                                                       0                           0                          34                           0
34                                                       0                           0                          35                           1
35                                                       0                           0                          36                           0
36                                                       0                           0                          37                           0
37                                                       0                           0                          38                           1
38                                                       0                           0                          39                           0
39                                                       0                           0                          40                           0
40                                                       0                           0                          41                           1
41                                                       0                           0                          42                           1
42                                                       0                           0                          43                           0
43                                                       0                           0                          44                           1
44                                                       0                           0                          45                           0
45                                                       0                           0                          46                           1
46                                                       0                           0                          47                           0
47                                                       0                           0                          48                           1
48                                                       0                           0                          49                           0
49                                                       0                           0                          50                           1
50                                                       0                           0                          51                           1
51                                                       0                           0                          52                           0
52                                                       0                           0                          53                           0
53                                                       0                           0                          54                           1
54                                                       0                           0                          55                           1
55                                                       0                           0                          56                           0
56                                                       0                           0                          57                           1
57                                                       0                           0                          58                           0
58                                                       0                           0                          59                           0
59                                                       0                           0                          60                           1
60                                                       0                           0                          61                           1
61                                                       0                           0                          62                           0
62                                                       0                           0                          63                           0
63                                                       0                           0                          64                           1
64                                                       0                           0                          65                           1
65                                                       0                           0                          66                           1
66                                                       0                           0                          67                           0
67                                                       0                           0                          68                           1
68                                                       0                           0                          69                           0
69                                                       0                           0                          70                           1
   &Multiplicities [&Type "ArrayOfDoubles", &Dim (70,2)] "Col1: Multiplicity of the initial state  Col2: Multiplicity of the final state"
                                                         0                           1

0                                      6.0000000000000000e+00         6.0000000000000000e+00
1                                      6.0000000000000000e+00         6.0000000000000000e+00
2                                      6.0000000000000000e+00         6.0000000000000000e+00
3                                      6.0000000000000000e+00         6.0000000000000000e+00
4                                      6.0000000000000000e+00         6.0000000000000000e+00
5                                      6.0000000000000000e+00         6.0000000000000000e+00
6                                      6.0000000000000000e+00         6.0000000000000000e+00
7                                      6.0000000000000000e+00         6.0000000000000000e+00
8                                      6.0000000000000000e+00         6.0000000000000000e+00
9                                      6.0000000000000000e+00         6.0000000000000000e+00
10                                     6.0000000000000000e+00         6.0000000000000000e+00
11                                     6.0000000000000000e+00         6.0000000000000000e+00
12                                     6.0000000000000000e+00         6.0000000000000000e+00
13                                     6.0000000000000000e+00         6.0000000000000000e+00
14                                     6.0000000000000000e+00         6.0000000000000000e+00
15                                     6.0000000000000000e+00         6.0000000000000000e+00
16                                     6.0000000000000000e+00         6.0000000000000000e+00
17                                     6.0000000000000000e+00         6.0000000000000000e+00
18                                     6.0000000000000000e+00         6.0000000000000000e+00
19                                     6.0000000000000000e+00         6.0000000000000000e+00
20                                     6.0000000000000000e+00         6.0000000000000000e+00
21                                     6.0000000000000000e+00         6.0000000000000000e+00
22                                     6.0000000000000000e+00         6.0000000000000000e+00
23                                     6.0000000000000000e+00         6.0000000000000000e+00
24                                     6.0000000000000000e+00         6.0000000000000000e+00
25                                     6.0000000000000000e+00         6.0000000000000000e+00
26                                     6.0000000000000000e+00         6.0000000000000000e+00
27                                     6.0000000000000000e+00         6.0000000000000000e+00
28                                     6.0000000000000000e+00         6.0000000000000000e+00
29                                     6.0000000000000000e+00         6.0000000000000000e+00
30                                     6.0000000000000000e+00         6.0000000000000000e+00
31                                     6.0000000000000000e+00         6.0000000000000000e+00
32                                     6.0000000000000000e+00         6.0000000000000000e+00
33                                     6.0000000000000000e+00         6.0000000000000000e+00
34                                     6.0000000000000000e+00         6.0000000000000000e+00
35                                     6.0000000000000000e+00         6.0000000000000000e+00
36                                     6.0000000000000000e+00         6.0000000000000000e+00
37                                     6.0000000000000000e+00         6.0000000000000000e+00
38                                     6.0000000000000000e+00         6.0000000000000000e+00
39                                     6.0000000000000000e+00         6.0000000000000000e+00
40                                     6.0000000000000000e+00         6.0000000000000000e+00
41                                     6.0000000000000000e+00         6.0000000000000000e+00
42                                     6.0000000000000000e+00         6.0000000000000000e+00
43                                     6.0000000000000000e+00         6.0000000000000000e+00
44                                     6.0000000000000000e+00         6.0000000000000000e+00
45                                     6.0000000000000000e+00         6.0000000000000000e+00
46                                     6.0000000000000000e+00         6.0000000000000000e+00
47                                     6.0000000000000000e+00         6.0000000000000000e+00
48                                     6.0000000000000000e+00         6.0000000000000000e+00
49                                     6.0000000000000000e+00         6.0000000000000000e+00
50                                     6.0000000000000000e+00         6.0000000000000000e+00
51                                     6.0000000000000000e+00         6.0000000000000000e+00
52                                     6.0000000000000000e+00         6.0000000000000000e+00
53                                     6.0000000000000000e+00         6.0000000000000000e+00
54                                     6.0000000000000000e+00         6.0000000000000000e+00
55                                     6.0000000000000000e+00         6.0000000000000000e+00
56                                     6.0000000000000000e+00         6.0000000000000000e+00
57                                     6.0000000000000000e+00         6.0000000000000000e+00
58                                     6.0000000000000000e+00         6.0000000000000000e+00
59                                     6.0000000000000000e+00         6.0000000000000000e+00
60                                     6.0000000000000000e+00         6.0000000000000000e+00
61                                     6.0000000000000000e+00         6.0000000000000000e+00
62                                     6.0000000000000000e+00         6.0000000000000000e+00
63                                     6.0000000000000000e+00         6.0000000000000000e+00
64                                     6.0000000000000000e+00         6.0000000000000000e+00
65                                     6.0000000000000000e+00         6.0000000000000000e+00
66                                     6.0000000000000000e+00         6.0000000000000000e+00
67                                     6.0000000000000000e+00         6.0000000000000000e+00
68                                     6.0000000000000000e+00         6.0000000000000000e+00
69                                     6.0000000000000000e+00         6.0000000000000000e+00
   &Temperature [&Type "Double"]       2.9814999999999998e+02
$End
$CIS_Absorption_Spectrum
   &GeometryIndex 1
   &Method [&Type "Integer"] 20
   &RelCorrection [&Type "Integer"] 1 "Type of relativistic treatment in QDPT. 0->Unknow, 1->None, 2->SOC, 3->SSC, 4->SOC/SSC"
   &DensType [&Type "Integer"] 3 "Type of density (electron/spin ...). 0->Unknow, 1->Electronic, 2->Spin, 3->Trans/Electronic, 4->Tran/Spin"
   &DeriType [&Type "Integer"] 0 "Type of derivative (w.r.t. to what perturbation). 0->Unknown, 1->No Derivative, 2->Electric/Dipole, 3->Electric/Quad, 4->Magnetic/Dipole, 5->Magnetic/Quad"
   &DensLevel [&Type "Integer"] 0 "// Source of density: relaxed, unrelaxed, ... 0->Unknown, 1->Linearized, 2->Unrelaxed, 3->Relaxed"
   &Density_name [&Type "String"] "Tdens-CIS"
   &Representation [&Type "String"] "Velocity" "Possible values: Unknown,  Length, Velocity"
   &PointGroup [&Type "String"] "D3"
   &DoHigherMoments [&Type "Boolean"] false
   &NTrans [&Type "Integer"] 70
   &ExcitationEnergies [&Type "ArrayOfDoubles", &Dim (70,11)] 
                                                         0                           1                           2                           3                           4                           5                           6                           7

0                                      2.5061652480500007e+00         2.0213588036151410e+04         4.9471672135176061e+02         5.9491928451403165e-04         8.2187995424214835e-05         4.8400459309131754e-07         0.0000000000000000e+00        -1.4234537868874951e-05
1                                      2.6103370608442455e+00         2.1053790457137158e+04         4.7497385425008048e+02         9.0369088893854424e-05         1.3003406245106027e-05        -3.6060235119738499e-03         0.0000000000000000e+00         5.0690855603929373e-07
2                                      2.6113554557512972e+00         2.1062004366864490e+04         4.7478862058030728e+02         8.9845886112522935e-05         1.2933165217727215e-05         8.4072462241984184e-07         0.0000000000000000e+00         3.5954962627776262e-03
3                                      2.7337904991231521e+00         2.2049509691915435e+04         4.5352482389513403e+02         1.5289786082392548e-03         2.3041315822445554e-04        -1.5179239162527870e-02         0.0000000000000000e+00         6.2101492637645081e-05
4                                      2.7345358650266456e+00         2.2055521473988123e+04         4.5340120440107557e+02         1.6121544020432975e-03         2.4301377667266912e-04         6.2886652138176787e-05         0.0000000000000000e+00         1.5588726543299203e-02
5                                      2.8184467370398645e+00         2.2732308369804017e+04         4.3990253155650873e+02         2.6164848013094701e-05         4.0650761534408472e-06        -1.7305759010950741e-06         0.0000000000000000e+00        -4.2645319302667378e-04
6                                      2.8507948878989797e+00         2.2993213829133245e+04         4.3491092955999187e+02         1.0536142707034488e-02         1.6557251790102689e-03         1.4344500669933043e-04         0.0000000000000000e+00         4.0690350044510867e-02
7                                      2.8517730948954165e+00         2.3001103601467865e+04         4.3476174766509149e+02         1.0695853858007056e-02         1.6814000859947751e-03         4.1004629359639388e-02         0.0000000000000000e+00        -1.4302812411784321e-04
8                                      3.0424622356581565e+00         2.4539115405495886e+04         4.0751265213742613e+02         3.9627655671318284e-07         6.6460593400582495e-08         2.5779850661980123e-04         0.0000000000000000e+00         7.2238960026425017e-07
9                                      3.1297437056383117e+00         2.5243088010152071e+04         3.9614804638712491e+02         3.7010912086854145e-03         6.3852690310352625e-04        -5.4370511550216996e-08         0.0000000000000000e+00        -2.5126118758192892e-05
10                                     3.3048920994977244e+00         2.6655755224104727e+04         3.7515350497205299e+02         2.3761248885473671e-03         4.3287966599192296e-04         2.8399521324352357e-05         0.0000000000000000e+00        -2.0805574687055697e-02
11                                     3.3053465719956776e+00         2.6659420792388595e+04         3.7510192280152808e+02         2.3758476840807911e-03         4.3288868574173519e-04         2.0805958181465262e-02         0.0000000000000000e+00         2.8098573380350291e-05
12                                     3.3702772212177661e+00         2.7183121851333679e+04         3.6787533288820441e+02         1.1695372613396864e-04         2.1728028670853363e-05        -4.6613215677129873e-03         0.0000000000000000e+00         1.0460438081024122e-05
13                                     3.3721421371655969e+00         2.7198163414423274e+04         3.6767188459118404e+02         1.1987564205889268e-04         2.2283194749659761e-05         9.7707436721561161e-06         0.0000000000000000e+00         4.7197871953178058e-03
14                                     3.4478876043813402e+00         2.7809091872192035e+04         3.5959462631714320e+02         5.9299164379267768e-06         1.1270477366474992e-06         4.3059711825754706e-06         0.0000000000000000e+00        -3.0464570714914510e-04
15                                     3.4522044791210500e+00         2.7843909818718130e+04         3.5914496437843928e+02         9.8234388387570174e-05         1.8693933561383359e-05         4.3233501676604690e-03         0.0000000000000000e+00        -5.0725025334608976e-05
16                                     3.4524377728387927e+00         2.7845791459645658e+04         3.5912069565313232e+02         9.4079243474732676e-05         1.7904422335190684e-05         5.3089440980686984e-05         0.0000000000000000e+00         4.2305615332726785e-03
17                                     3.5381747258684828e+00         2.8537306693673210e+04         3.5041849279410184e+02         1.1204531708727040e-03         2.1853128702201534e-04        -4.6713593482490125e-07         0.0000000000000000e+00        -4.9886829363521907e-05
18                                     3.5662064241830000e+00         2.8763397611709919e+04         3.4766407414709869e+02         2.1018496128725442e-06         4.1318900339844276e-07         6.4279389292138094e-04         0.0000000000000000e+00         1.6197900307400982e-06
19                                     3.5664905747391997e+00         2.8765689440745431e+04         3.4763637494588971e+02         1.3384854983278768e-06         2.6314516120180829e-07         2.6902760375223605e-07         0.0000000000000000e+00        -4.4716972341294774e-04
20                                     3.5736896559408731e+00         2.8823753952557912e+04         3.4693607281200678e+02         7.7275963152649798e-08         1.5223057908082650e-08         1.2338101358714840e-04         0.0000000000000000e+00         2.9317588323768970e-07
21                                     4.1023408927689058e+00         3.3087614176602714e+04         3.0222789550874637e+02         4.8170003002918763e-04         1.0893038965652587e-04         1.0436971699459962e-02         0.0000000000000000e+00        -3.3726859166459588e-06
22                                     4.1026512563844575e+00         3.3090117428242265e+04         3.0220503211224769e+02         4.8674789938584514e-04         1.1008022919690110e-04         2.8437649678106832e-06         0.0000000000000000e+00         1.0491635555291843e-02
23                                     4.1356119730106276e+00         3.3355963564196834e+04         2.9979646610280093e+02         3.8515252605672567e-04         8.7803771758742104e-05         8.6758493745964589e-09         0.0000000000000000e+00        -3.8408187912565686e-06
24                                     4.1694494017592190e+00         3.3628880861034639e+04         2.9736344903427556e+02         1.8138874551481071e-04         4.1689787616930714e-05        -2.7424179691893804e-05         0.0000000000000000e+00        -6.4565694116176710e-03
25                                     4.1703968591995473e+00         3.3636522621447482e+04         2.9729589210341709e+02         1.7971695225085357e-04         4.1314934389473643e-05         6.4276120271210537e-03         0.0000000000000000e+00        -2.7162088256406532e-05
26                                     4.2590322409679873e+00         3.4351415262261289e+04         2.9110882109669791e+02         1.0821342180154157e-08         2.5405789495338577e-09        -5.0403395796173612e-05         0.0000000000000000e+00        -1.8178801155604105e-07
27                                     4.2984447264555738e+00         3.4669298428882779e+04         2.8843964121492172e+02         1.2580646619547908e-03         2.9809517577042882e-04        -6.1149700967250565e-04         0.0000000000000000e+00         1.7254333520756386e-02
28                                     4.2985965313659218e+00         3.4670522818185134e+04         2.8842945497074743e+02         1.0928226554623053e-03         2.5895065350674317e-04        -1.6078708841076365e-02         0.0000000000000000e+00        -6.5250363059509255e-04
29                                     4.3333971488385519e+00         3.4951208756808999e+04         2.8611313759075227e+02         1.6714808001253769e-04         3.9927353345815320e-05        -1.1634249708767873e-05         0.0000000000000000e+00         5.7002276797068424e-03
30                                     4.3381792665308083e+00         3.4989779141202795e+04         2.8579774566865819e+02         4.2111525817461271e-03         1.0070455376955624e-03         3.5182423408313242e-04         0.0000000000000000e+00        -3.1729234298960268e-02
31                                     4.3386898902744528e+00         3.4993897599873293e+04         2.8576410991258683e+02         4.4872178280440543e-03         1.0731894630168287e-03         3.2757768290535394e-02         0.0000000000000000e+00         3.4360420504666456e-04
32                                     4.4205198147130282e+00         3.5653900519839466e+04         2.8047422173165990e+02         1.0013634041145375e-03         2.4400891556381526e-04        -1.4562965998612228e-05         0.0000000000000000e+00        -2.1789417653678622e-03
33                                     4.4445610351882534e+00         3.5847806060166709e+04         2.7895709944469320e+02         7.3325151620429090e-03         1.7964803938896579e-03        -4.2384896542441278e-02         0.0000000000000000e+00        -3.0014562833747722e-05
34                                     4.4449422297427201e+00         3.5850880601915946e+04         2.7893317631549559e+02         7.4299770783337682e-03         1.8205148776911982e-03        -3.1724651261061969e-05         0.0000000000000000e+00         4.2661552418147008e-02
35                                     4.4984713782403984e+00         3.6282622346200333e+04         2.7561403650988422e+02         3.4683907581919286e-07         8.6006964392041377e-08         2.9326919706343661e-04         0.0000000000000000e+00         3.6315782380728436e-07
36                                     4.5468426419287971e+00         3.6672762939581451e+04         2.7268193608632782e+02         1.6996491410908080e-07         4.2600023733243979e-08        -2.0639398278116721e-04         0.0000000000000000e+00         1.2415030435628560e-06
37                                     4.6486960649547608e+00         3.7494266284071848e+04         2.6670744599283324e+02         8.9868390396598725e-03         2.3029194803845590e-03        -1.8210472449798988e-04         0.0000000000000000e+00         4.7988368748802870e-02
38                                     4.6490857458695203e+00         3.7497409272940051e+04         2.6668509088750523e+02         9.1656150500060811e-03         2.3489285525140056e-03         4.8465399637415169e-02         0.0000000000000000e+00         1.8327667167349085e-04
39                                     4.7089446328790201e+00         3.7980203806642094e+04         2.6329505894465916e+02         9.3011194300186459e-06         2.4143456311607300e-06         1.5538150599814300e-03         0.0000000000000000e+00        -8.9186742450704248e-07
40                                     4.7107455115150012e+00         3.7994728873925327e+04         2.6319440344428165e+02         2.7464423506927108e-05         7.1318264782673987e-06         3.2945138482452735e-07         0.0000000000000000e+00         2.6548203463712936e-03
41                                     4.7478473042796452e+00         3.8293975044915329e+04         2.6113768519123215e+02         5.9423591008599184e-04         1.5552359038504112e-04        -7.1269319228016513e-06         0.0000000000000000e+00         1.1330856492610185e-03
42                                     4.7763858870245040e+00         3.8524154262023636e+04         2.5957740517766035e+02         2.7396246120483025e-02         7.2132519727382697e-03         8.4930633054983801e-02         0.0000000000000000e+00         1.9885023914423982e-04
43                                     4.7768760751278174e+00         3.8528107896121910e+04         2.5955076815507363e+02         2.7633658699396067e-02         7.2765078406153054e-03        -2.0325763031666592e-04         0.0000000000000000e+00         8.5302053567593572e-02
44                                     4.7888477363191972e+00         3.8624665865561161e+04         2.5890191606592720e+02         4.3962927397285658e-06         1.1605350723281676e-06        -1.0772674623008272e-03         0.0000000000000000e+00         5.4660922897346193e-06
45                                     4.8231792656429091e+00         3.8901568352713810e+04         2.5705904474934596e+02         2.8155160393209287e-04         7.4856936065979750e-05         1.1207529026474650e-05         0.0000000000000000e+00         8.6375144526501003e-03
46                                     4.8246745048729665e+00         3.8913628271681795e+04         2.5697937828319118e+02         3.5171727651783568e-04         9.3541075365114883e-05        -9.6716544813659697e-03         0.0000000000000000e+00         1.3093970710235957e-05
47                                     4.8408301822946349e+00         3.9043932611389908e+04         2.5612174110460370e+02         8.2528269559186730e-04         2.2022327878485891e-04         1.2606450482859450e-05         0.0000000000000000e+00        -1.0753832151039462e-03
48                                     4.8537976898765578e+00         3.9148522624486854e+04         2.5543748089602593e+02         1.1907106845098549e-02         3.1858737305792044e-03         5.6442840044434145e-02         0.0000000000000000e+00         2.8201841375092727e-04
49                                     4.8541020298756985e+00         3.9150977292378499e+04         2.5542146560787629e+02         1.2402910734018500e-02         3.3187394381260838e-03        -2.7507781191857619e-04         0.0000000000000000e+00         5.7607839499722452e-02
50                                     4.8846253779800550e+00         3.9397164723373149e+04         2.5382537221180539e+02         4.2614459999072299e-03         1.1474371022627860e-03         5.5718329279783037e-05         0.0000000000000000e+00         3.3872931142265236e-02
51                                     4.8862740097384778e+00         3.9410461836647701e+04         2.5373973138018445e+02         4.4854414128883578e-03         1.2081577483121100e-03         3.4758513103519705e-02         0.0000000000000000e+00        -5.9275292404662756e-05
52                                     4.8911589723531952e+00         3.9449861721369081e+04         2.5348631309861420e+02         2.6434695722536212e-04         7.1273277766195617e-05         8.4423434946798662e-03         0.0000000000000000e+00         1.0645265412684154e-05
53                                     4.8922508727716156e+00         3.9458668493089994e+04         2.5342973754299899e+02         4.5510985548927375e-04         1.2273420033420812e-04         4.2166457731329871e-06         0.0000000000000000e+00        -1.1074209105786001e-02
54                                     4.8999435559574289e+00         3.9520714173809429e+04         2.5303186465762423e+02         9.7097536245318694e-04         2.6226475149987726e-04        -6.0957611158407054e-06         0.0000000000000000e+00         2.6021760057216947e-03
55                                     4.9435789257209555e+00         3.9872657202662514e+04         2.5079843435496556e+02         2.2825888689102868e-07         6.2202781438319636e-08         2.4940432609577061e-04         0.0000000000000000e+00        -3.5108176822048379e-07
56                                     4.9510449200908591e+00         3.9932874514585936e+04         2.5042023950335422e+02         2.2762477810151375e-03         6.2123660789677572e-04         9.2883332384004765e-07         0.0000000000000000e+00        -7.2997803090993590e-04
57                                     5.0022946643770005e+00         4.0346231622128711e+04         2.4785462230170950e+02         4.7006004301295776e-07         1.2961738165986862e-07        -3.6001951735245850e-04         0.0000000000000000e+00        -1.8092653360809732e-06
58                                     5.0127616474308381e+00         4.0430653542668973e+04         2.4733708520062331e+02         2.0651920115652346e-05         5.7066091557962211e-06        -2.3888507242704974e-03         0.0000000000000000e+00        -1.1717075671405407e-06
59                                     5.0147177130969824e+00         4.0446430277893385e+04         2.4724060767028067e+02         9.7124899040878335e-06         2.6848356684598884e-06        -1.6039080758024349e-06         0.0000000000000000e+00        -1.6377011429200663e-03
60                                     5.1040115358598976e+00         4.1166633604033617e+04         2.4291517485219319e+02         1.1856984197625380e-01         3.3360037177596301e-02         1.5083903962305925e-03         0.0000000000000000e+00        -1.8264028527074352e-01
61                                     5.1044677484840983e+00         4.1170313207383668e+04         2.4289346426945701e+02         1.1860009649662331e-01         3.3371531978090230e-02        -1.8267256009659383e-01         0.0000000000000000e+00        -1.5059081056624296e-03
62                                     5.1956047398080951e+00         4.1905382692091815e+04         2.3863282847163100e+02         2.8523769419338124e-02         8.1692776923814742e-03        -9.0383982886264466e-02         0.0000000000000000e+00        -1.1544804018509235e-04
63                                     5.1962503802252602e+00         4.1910590133788726e+04         2.3860317805303106e+02         2.8000146304623372e-02         8.0203072778226771e-03         1.0611456167502269e-04         0.0000000000000000e+00        -8.9555989391312360e-02
64                                     5.3544387279585868e+00         4.3186465336227549e+04         2.3155402791465232e+02         3.1717248650370955e-02         9.3616003652632271e-03        -1.9999938646423331e-06         0.0000000000000000e+00        -1.9479694722274995e-04
65                                     5.5073866214388287e+00         4.4420073420216555e+04         2.2512344600152730e+02         1.3395251076442051e-04         4.0666524824245633e-05        -1.5320409900813198e-07         0.0000000000000000e+00        -2.2308997450812978e-04
66                                     5.5365321308913487e+00         4.4655147831864138e+04         2.2393834721255578e+02         7.3778546813775280e-06         2.2516897928365067e-06        -1.5005581906248830e-03         0.0000000000000000e+00         3.8530226029396338e-06
67                                     5.5753830545989995e+00         4.4968501696802392e+04         2.2237787835192822e+02         1.7233091975324515e-02         5.2963728946744931e-03         4.3020085424931138e-05         0.0000000000000000e+00         7.2776168550661019e-02
68                                     5.5764756835899689e+00         4.4977314344857819e+04         2.2233430665348922e+02         1.7166356992908496e-02         5.2768966725950540e-03         7.2642240079674597e-02         0.0000000000000000e+00        -4.0337102394929040e-05
69                                     5.6006696805764804e+00         4.5172452110978295e+04         2.2137385801931464e+02         1.7806803454823987e-04         5.4975167608026079e-05        -1.0837159754769680e-06         0.0000000000000000e+00        -7.4144609352992620e-03
                                                         8                           9                          10

0                                      0.0000000000000000e+00        -9.0657483181415342e-03         0.0000000000000000e+00
1                                      0.0000000000000000e+00        -6.4748862779451360e-07         0.0000000000000000e+00
2                                      0.0000000000000000e+00        -7.4640037925007905e-05         0.0000000000000000e+00
3                                      0.0000000000000000e+00        -2.7540497987053864e-07         0.0000000000000000e+00
4                                      0.0000000000000000e+00        -3.7771681069863505e-05         0.0000000000000000e+00
5                                      0.0000000000000000e+00        -1.9705864184818823e-03         0.0000000000000000e+00
6                                      0.0000000000000000e+00         3.9743548439195417e-06         0.0000000000000000e+00
7                                      0.0000000000000000e+00        -1.7054569605347706e-07         0.0000000000000000e+00
8                                      0.0000000000000000e+00         3.9223057475788228e-08         0.0000000000000000e+00
9                                      0.0000000000000000e+00         2.5269077382815665e-02         0.0000000000000000e+00
10                                     0.0000000000000000e+00        -8.3194954527055341e-05         0.0000000000000000e+00
11                                     0.0000000000000000e+00         6.0251797409479393e-07         0.0000000000000000e+00
12                                     0.0000000000000000e+00         7.0175655020172845e-07         0.0000000000000000e+00
13                                     0.0000000000000000e+00        -8.1903071626978808e-05         0.0000000000000000e+00
14                                     0.0000000000000000e+00         1.0169661687466655e-03         0.0000000000000000e+00
15                                     0.0000000000000000e+00        -1.9649372401199060e-06         0.0000000000000000e+00
16                                     0.0000000000000000e+00         6.2872566677097083e-05         0.0000000000000000e+00
17                                     0.0000000000000000e+00         1.4782719577535637e-02         0.0000000000000000e+00
18                                     0.0000000000000000e+00        -1.5462540785276626e-06         0.0000000000000000e+00
19                                     0.0000000000000000e+00        -2.5136492851777185e-04         0.0000000000000000e+00
20                                     0.0000000000000000e+00        -3.1215731937514075e-07         0.0000000000000000e+00
21                                     0.0000000000000000e+00        -1.6182519666189887e-07         0.0000000000000000e+00
22                                     0.0000000000000000e+00        -7.6187169772433844e-05         0.0000000000000000e+00
23                                     0.0000000000000000e+00         9.3703658950319464e-03         0.0000000000000000e+00
24                                     0.0000000000000000e+00        -4.1796701568190414e-05         0.0000000000000000e+00
25                                     0.0000000000000000e+00        -4.8912571932841089e-07         0.0000000000000000e+00
26                                     0.0000000000000000e+00         2.0879383846438804e-07         0.0000000000000000e+00
27                                     0.0000000000000000e+00        -9.6030891347134381e-05         0.0000000000000000e+00
28                                     0.0000000000000000e+00         3.8108655334311241e-06         0.0000000000000000e+00
29                                     0.0000000000000000e+00         2.7266503973837532e-03         0.0000000000000000e+00
30                                     0.0000000000000000e+00         4.2124601547986469e-04         0.0000000000000000e+00
31                                     0.0000000000000000e+00        -3.9737509622824590e-06         0.0000000000000000e+00
32                                     0.0000000000000000e+00         1.5468061167029699e-02         0.0000000000000000e+00
33                                     0.0000000000000000e+00        -6.1726999832392316e-06         0.0000000000000000e+00
34                                     0.0000000000000000e+00         7.1120778355968810e-04         0.0000000000000000e+00
35                                     0.0000000000000000e+00        -1.0277258172703342e-07         0.0000000000000000e+00
36                                     0.0000000000000000e+00        -7.9215933081415227e-08         0.0000000000000000e+00
37                                     0.0000000000000000e+00        -5.2754931470572823e-05         0.0000000000000000e+00
38                                     0.0000000000000000e+00        -4.0157612376131066e-07         0.0000000000000000e+00
39                                     0.0000000000000000e+00         1.8960770374613144e-06         0.0000000000000000e+00
40                                     0.0000000000000000e+00        -2.8940507635870485e-04         0.0000000000000000e+00
41                                     0.0000000000000000e+00         1.2419325927896458e-02         0.0000000000000000e+00
42                                     0.0000000000000000e+00         4.4760930667730220e-07         0.0000000000000000e+00
43                                     0.0000000000000000e+00        -1.6181502532228932e-04         0.0000000000000000e+00
44                                     0.0000000000000000e+00        -9.3974377006153677e-08         0.0000000000000000e+00
45                                     0.0000000000000000e+00         5.0015451365903723e-04         0.0000000000000000e+00
46                                     0.0000000000000000e+00         1.8724634802578025e-06         0.0000000000000000e+00
47                                     0.0000000000000000e+00         1.4800901013213278e-02         0.0000000000000000e+00
48                                     0.0000000000000000e+00        -1.9778602869870969e-06         0.0000000000000000e+00
49                                     0.0000000000000000e+00        -2.4464212463141066e-05         0.0000000000000000e+00
50                                     0.0000000000000000e+00        -2.4193710324412363e-04         0.0000000000000000e+00
51                                     0.0000000000000000e+00         1.2586776601923711e-06         0.0000000000000000e+00
52                                     0.0000000000000000e+00        -8.7313026773443246e-07         0.0000000000000000e+00
53                                     0.0000000000000000e+00         3.0996005457632796e-04         0.0000000000000000e+00
54                                     0.0000000000000000e+00         1.5984160734202467e-02         0.0000000000000000e+00
55                                     0.0000000000000000e+00        -3.7457259133532084e-07         0.0000000000000000e+00
56                                     0.0000000000000000e+00        -2.4913926609597958e-02         0.0000000000000000e+00
57                                     0.0000000000000000e+00        -2.3525329988311760e-07         0.0000000000000000e+00
58                                     0.0000000000000000e+00        -7.0653003244919896e-09         0.0000000000000000e+00
59                                     0.0000000000000000e+00        -5.2612378933877444e-05         0.0000000000000000e+00
60                                     0.0000000000000000e+00         5.3677949875463571e-04         0.0000000000000000e+00
61                                     0.0000000000000000e+00         2.5736834039571176e-06         0.0000000000000000e+00
62                                     0.0000000000000000e+00         1.3217199213019852e-06         0.0000000000000000e+00
63                                     0.0000000000000000e+00        -1.4415847399996691e-04         0.0000000000000000e+00
64                                     0.0000000000000000e+00         9.6755167383518095e-02         0.0000000000000000e+00
65                                     0.0000000000000000e+00        -6.3731276202542890e-03         0.0000000000000000e+00
66                                     0.0000000000000000e+00         2.5219418083463954e-07         0.0000000000000000e+00
67                                     0.0000000000000000e+00         1.8303893594538084e-05         0.0000000000000000e+00
68                                     0.0000000000000000e+00         1.3115420504565181e-06         0.0000000000000000e+00
69                                     0.0000000000000000e+00         3.0585495041899481e-05         0.0000000000000000e+00
   &States [&Type "ArrayOfIntegers", &Dim (70,4)] "The initial and Final states. Col1: Initial State  Col2: Initial Irrep Col3: Final State Col4: Final Irrep"
                                                         0                           1                           2                           3

0                                                        0                           0                           1                           1
1                                                        0                           0                           2                           0
2                                                        0                           0                           3                           1
3                                                        0                           0                           4                           0
4                                                        0                           0                           5                           1
5                                                        0                           0                           6                           1
6                                                        0                           0                           7                           1
7                                                        0                           0                           8                           0
8                                                        0                           0                           9                           0
9                                                        0                           0                          10                           1
10                                                       0                           0                          11                           1
11                                                       0                           0                          12                           0
12                                                       0                           0                          13                           0
13                                                       0                           0                          14                           1
14                                                       0                           0                          15                           1
15                                                       0                           0                          16                           0
16                                                       0                           0                          17                           1
17                                                       0                           0                          18                           1
18                                                       0                           0                          19                           0
19                                                       0                           0                          20                           1
20                                                       0                           0                          21                           0
21                                                       0                           0                          22                           0
22                                                       0                           0                          23                           1
23                                                       0                           0                          24                           1
24                                                       0                           0                          25                           1
25                                                       0                           0                          26                           0
26                                                       0                           0                          27                           0
27                                                       0                           0                          28                           1
28                                                       0                           0                          29                           0
29                                                       0                           0                          30                           1
30                                                       0                           0                          31                           1
31                                                       0                           0                          32                           0
32                                                       0                           0                          33                           1
33                                                       0                           0                          34                           0
34                                                       0                           0                          35                           1
35                                                       0                           0                          36                           0
36                                                       0                           0                          37                           0
37                                                       0                           0                          38                           1
38                                                       0                           0                          39                           0
39                                                       0                           0                          40                           0
40                                                       0                           0                          41                           1
41                                                       0                           0                          42                           1
42                                                       0                           0                          43                           0
43                                                       0                           0                          44                           1
44                                                       0                           0                          45                           0
45                                                       0                           0                          46                           1
46                                                       0                           0                          47                           0
47                                                       0                           0                          48                           1
48                                                       0                           0                          49                           0
49                                                       0                           0                          50                           1
50                                                       0                           0                          51                           1
51                                                       0                           0                          52                           0
52                                                       0                           0                          53                           0
53                                                       0                           0                          54                           1
54                                                       0                           0                          55                           1
55                                                       0                           0                          56                           0
56                                                       0                           0                          57                           1
57                                                       0                           0                          58                           0
58                                                       0                           0                          59                           0
59                                                       0                           0                          60                           1
60                                                       0                           0                          61                           1
61                                                       0                           0                          62                           0
62                                                       0                           0                          63                           0
63                                                       0                           0                          64                           1
64                                                       0                           0                          65                           1
65                                                       0                           0                          66                           1
66                                                       0                           0                          67                           0
67                                                       0                           0                          68                           1
68                                                       0                           0                          69                           0
69                                                       0                           0                          70                           1
   &Multiplicities [&Type "ArrayOfDoubles", &Dim (70,2)] "Col1: Multiplicity of the initial state  Col2: Multiplicity of the final state"
                                                         0                           1

0                                      6.0000000000000000e+00         6.0000000000000000e+00
1                                      6.0000000000000000e+00         6.0000000000000000e+00
2                                      6.0000000000000000e+00         6.0000000000000000e+00
3                                      6.0000000000000000e+00         6.0000000000000000e+00
4                                      6.0000000000000000e+00         6.0000000000000000e+00
5                                      6.0000000000000000e+00         6.0000000000000000e+00
6                                      6.0000000000000000e+00         6.0000000000000000e+00
7                                      6.0000000000000000e+00         6.0000000000000000e+00
8                                      6.0000000000000000e+00         6.0000000000000000e+00
9                                      6.0000000000000000e+00         6.0000000000000000e+00
10                                     6.0000000000000000e+00         6.0000000000000000e+00
11                                     6.0000000000000000e+00         6.0000000000000000e+00
12                                     6.0000000000000000e+00         6.0000000000000000e+00
13                                     6.0000000000000000e+00         6.0000000000000000e+00
14                                     6.0000000000000000e+00         6.0000000000000000e+00
15                                     6.0000000000000000e+00         6.0000000000000000e+00
16                                     6.0000000000000000e+00         6.0000000000000000e+00
17                                     6.0000000000000000e+00         6.0000000000000000e+00
18                                     6.0000000000000000e+00         6.0000000000000000e+00
19                                     6.0000000000000000e+00         6.0000000000000000e+00
20                                     6.0000000000000000e+00         6.0000000000000000e+00
21                                     6.0000000000000000e+00         6.0000000000000000e+00
22                                     6.0000000000000000e+00         6.0000000000000000e+00
23                                     6.0000000000000000e+00         6.0000000000000000e+00
24                                     6.0000000000000000e+00         6.0000000000000000e+00
25                                     6.0000000000000000e+00         6.0000000000000000e+00
26                                     6.0000000000000000e+00         6.0000000000000000e+00
27                                     6.0000000000000000e+00         6.0000000000000000e+00
28                                     6.0000000000000000e+00         6.0000000000000000e+00
29                                     6.0000000000000000e+00         6.0000000000000000e+00
30                                     6.0000000000000000e+00         6.0000000000000000e+00
31                                     6.0000000000000000e+00         6.0000000000000000e+00
32                                     6.0000000000000000e+00         6.0000000000000000e+00
33                                     6.0000000000000000e+00         6.0000000000000000e+00
34                                     6.0000000000000000e+00         6.0000000000000000e+00
35                                     6.0000000000000000e+00         6.0000000000000000e+00
36                                     6.0000000000000000e+00         6.0000000000000000e+00
37                                     6.0000000000000000e+00         6.0000000000000000e+00
38                                     6.0000000000000000e+00         6.0000000000000000e+00
39                                     6.0000000000000000e+00         6.0000000000000000e+00
40                                     6.0000000000000000e+00         6.0000000000000000e+00
41                                     6.0000000000000000e+00         6.0000000000000000e+00
42                                     6.0000000000000000e+00         6.0000000000000000e+00
43                                     6.0000000000000000e+00         6.0000000000000000e+00
44                                     6.0000000000000000e+00         6.0000000000000000e+00
45                                     6.0000000000000000e+00         6.0000000000000000e+00
46                                     6.0000000000000000e+00         6.0000000000000000e+00
47                                     6.0000000000000000e+00         6.0000000000000000e+00
48                                     6.0000000000000000e+00         6.0000000000000000e+00
49                                     6.0000000000000000e+00         6.0000000000000000e+00
50                                     6.0000000000000000e+00         6.0000000000000000e+00
51                                     6.0000000000000000e+00         6.0000000000000000e+00
52                                     6.0000000000000000e+00         6.0000000000000000e+00
53                                     6.0000000000000000e+00         6.0000000000000000e+00
54                                     6.0000000000000000e+00         6.0000000000000000e+00
55                                     6.0000000000000000e+00         6.0000000000000000e+00
56                                     6.0000000000000000e+00         6.0000000000000000e+00
57                                     6.0000000000000000e+00         6.0000000000000000e+00
58                                     6.0000000000000000e+00         6.0000000000000000e+00
59                                     6.0000000000000000e+00         6.0000000000000000e+00
60                                     6.0000000000000000e+00         6.0000000000000000e+00
61                                     6.0000000000000000e+00         6.0000000000000000e+00
62                                     6.0000000000000000e+00         6.0000000000000000e+00
63                                     6.0000000000000000e+00         6.0000000000000000e+00
64                                     6.0000000000000000e+00         6.0000000000000000e+00
65                                     6.0000000000000000e+00         6.0000000000000000e+00
66                                     6.0000000000000000e+00         6.0000000000000000e+00
67                                     6.0000000000000000e+00         6.0000000000000000e+00
68                                     6.0000000000000000e+00         6.0000000000000000e+00
69                                     6.0000000000000000e+00         6.0000000000000000e+00
   &Temperature [&Type "Double"]       2.9814999999999998e+02
$End
$CIS_ECD_Spectrum
   &GeometryIndex 1
   &Method [&Type "Integer"] 20
   &RelCorrection [&Type "Integer"] 1 "Type of relativistic treatment in QDPT. 0->Unknow, 1->None, 2->SOC, 3->SSC, 4->SOC/SSC"
   &DensType [&Type "Integer"] 3 "Type of density (electron/spin ...). 0->Unknow, 1->Electronic, 2->Spin, 3->Trans/Electronic, 4->Tran/Spin"
   &DeriType [&Type "Integer"] 0 "Type of derivative (w.r.t. to what perturbation). 0->Unknown, 1->No Derivative, 2->Electric/Dipole, 3->Electric/Quad, 4->Magnetic/Dipole, 5->Magnetic/Quad"
   &DensLevel [&Type "Integer"] 0 "// Source of density: relaxed, unrelaxed, ... 0->Unknown, 1->Linearized, 2->Unrelaxed, 3->Relaxed"
   &Density_name [&Type "String"] "Tdens-CIS"
   &Representation [&Type "String"] "Length" "Possible values: Unknown,  Length, Velocity"
   &PointGroup [&Type "String"] "D3"
   &DoHigherMoments [&Type "Boolean"] false
   &NTrans [&Type "Integer"] 70
   &ExcitationEnergies [&Type "ArrayOfDoubles", &Dim (70,10)] 
                                                         0                           1                           2                           3                           4                           5                           6                           7

0                                      2.5061652480500007e+00         2.0213588036151410e+04         4.9471672135176061e+02        -2.2486851138996403e+01        -1.8138557104172532e-05         0.0000000000000000e+00         2.2941931394541881e-03         0.0000000000000000e+00
1                                      2.6103370608442455e+00         2.1053790457137158e+04         4.7497385425008048e+02         2.7101859831202269e+01         2.7420711313829249e-01         0.0000000000000000e+00        -4.7277936133501292e-05         0.0000000000000000e+00
2                                      2.6113554557512972e+00         2.1062004366864490e+04         4.7478862058030728e+02         2.7209232756264392e+01        -4.6232552117466337e-05         0.0000000000000000e+00        -2.7427203193359206e-01         0.0000000000000000e+00
3                                      2.7337904991231521e+00         2.2049509691915435e+04         4.5352482389513403e+02         6.5921465959760166e+00        -3.7128742595709335e-02         0.0000000000000000e+00         1.4564626401658979e-04         0.0000000000000000e+00
4                                      2.7345358650266456e+00         2.2055521473988123e+04         4.5340120440107557e+02         6.5281729274813163e+00         1.5246258268871360e-04         0.0000000000000000e+00         3.6090923998369377e-02         0.0000000000000000e+00
5                                      2.8184467370398645e+00         2.2732308369804017e+04         4.3990253155650873e+02        -1.5693676714341422e+01         5.5198570581050509e-06         0.0000000000000000e+00        -1.4273740408010679e-04         0.0000000000000000e+00
6                                      2.8507948878989797e+00         2.2993213829133245e+04         4.3491092955999187e+02        -1.3715087760822444e+01        -1.4498009896117710e-04         0.0000000000000000e+00        -4.1328475121419184e-02         0.0000000000000000e+00
7                                      2.8517730948954165e+00         2.3001103601467865e+04         4.3476174766509149e+02        -1.3555784662315006e+01        -4.0597444987221357e-02         0.0000000000000000e+00         1.4175585618740957e-04         0.0000000000000000e+00
8                                      3.0424622356581565e+00         2.4539115405495886e+04         4.0751265213742613e+02         1.7876706082339826e-05         1.0234327895450291e-05         0.0000000000000000e+00         7.8996195053074480e-07         0.0000000000000000e+00
9                                      3.1297437056383117e+00         2.5243088010152071e+04         3.9614804638712491e+02         4.3998642011941183e+00        -7.5505905493398750e-06         0.0000000000000000e+00        -9.2698279460851085e-04         0.0000000000000000e+00
10                                     3.3048920994977244e+00         2.6655755224104727e+04         3.7515350497205299e+02         1.0935700722849912e+01         2.7992803078572351e-04         0.0000000000000000e+00        -2.0172751527331304e-01         0.0000000000000000e+00
11                                     3.3053465719956776e+00         2.6659420792388595e+04         3.7510192280152808e+02         1.0752682619638643e+01         2.0044881298011563e-01         0.0000000000000000e+00         2.6653669684710476e-04         0.0000000000000000e+00
12                                     3.3702772212177661e+00         2.7183121851333679e+04         3.6787533288820441e+02         5.0478807568615713e-01         1.2167217490767160e-01         0.0000000000000000e+00        -2.5588910027422781e-04         0.0000000000000000e+00
13                                     3.3721421371655969e+00         2.7198163414423274e+04         3.6767188459118404e+02         4.8855665720674568e-01        -2.6954100283561519e-04         0.0000000000000000e+00        -1.2076933393318155e-01         0.0000000000000000e+00
14                                     3.4478876043813402e+00         2.7809091872192035e+04         3.5959462631714320e+02        -1.2788425942334449e+01        -1.8927532568201768e-04         0.0000000000000000e+00         9.2699131599054494e-03         0.0000000000000000e+00
15                                     3.4522044791210500e+00         2.7843909818718130e+04         3.5914496437843928e+02         7.9303631799573830e+00        -1.7792701975338829e-01         0.0000000000000000e+00         2.1594212047475708e-03         0.0000000000000000e+00
16                                     3.4524377728387927e+00         2.7845791459645658e+04         3.5912069565313232e+02         7.9314425216521363e+00        -2.1601068381795286e-03         0.0000000000000000e+00        -1.7833333577988930e-01         0.0000000000000000e+00
17                                     3.5381747258684828e+00         2.8537306693673210e+04         3.5041849279410184e+02        -2.2507503941820396e+01         2.0871001906511242e-05         0.0000000000000000e+00        -3.7656803367574201e-03         0.0000000000000000e+00
18                                     3.5662064241830000e+00         2.8763397611709919e+04         3.4766407414709869e+02         1.2052044177014126e+01         1.8886121279000112e-01         0.0000000000000000e+00         4.0108505778058145e-04         0.0000000000000000e+00
19                                     3.5664905747391997e+00         2.8765689440745431e+04         3.4763637494588971e+02         1.2159112690673624e+01         4.0701621898407638e-04         0.0000000000000000e+00        -1.8973409878510356e-01         0.0000000000000000e+00
20                                     3.5736896559408731e+00         2.8823753952557912e+04         3.4693607281200678e+02         2.4296602378308954e-01         2.7191566659706408e-02         0.0000000000000000e+00         1.1547995217799171e-04         0.0000000000000000e+00
21                                     4.1023408927689058e+00         3.3087614176602714e+04         3.0222789550874637e+02        -8.9593353956295807e-01        -4.1922265344476038e-02         0.0000000000000000e+00         1.3541891271313491e-05         0.0000000000000000e+00
22                                     4.1026512563844575e+00         3.3090117428242265e+04         3.0220503211224769e+02        -8.9652804963942556e-01        -1.3071968743639195e-05         0.0000000000000000e+00        -4.1849086869410246e-02         0.0000000000000000e+00
23                                     4.1356119730106276e+00         3.3355963564196834e+04         2.9979646610280093e+02         9.9058038893515066e-01         1.5125961001889343e-06         0.0000000000000000e+00        -2.2747312826937370e-04         0.0000000000000000e+00
24                                     4.1694494017592190e+00         3.3628880861034639e+04         2.9736344903427556e+02         2.5291719838786304e+00        -2.4046851944993654e-04         0.0000000000000000e+00        -5.7603010322986918e-02         0.0000000000000000e+00
25                                     4.1703968591995473e+00         3.3636522621447482e+04         2.9729589210341709e+02         2.4347424995969780e+00         5.5523173122269502e-02         0.0000000000000000e+00        -2.4095633173177631e-04         0.0000000000000000e+00
26                                     4.2590322409679873e+00         3.4351415262261289e+04         2.9110882109669791e+02         4.8677967201243361e-06        -9.5416382746142098e-06         0.0000000000000000e+00        -1.3109363628987950e-05         0.0000000000000000e+00
27                                     4.2984447264555738e+00         3.4669298428882779e+04         2.8843964121492172e+02         6.4990357926534106e+00        -4.8234829368030783e-03         0.0000000000000000e+00         1.2239273977322078e-01         0.0000000000000000e+00
28                                     4.2985965313659218e+00         3.4670522818185134e+04         2.8842945497074743e+02         6.2525851885339785e+00        -1.2739295023403849e-01         0.0000000000000000e+00        -4.6416631824710494e-03         0.0000000000000000e+00
29                                     4.3333971488385519e+00         3.4951208756808999e+04         2.8611313759075227e+02         1.0291953185383132e-01         5.0970791579396400e-05         0.0000000000000000e+00        -1.6807759371812583e-02         0.0000000000000000e+00
30                                     4.3381792665308083e+00         3.4989779141202795e+04         2.8579774566865819e+02        -1.4706570019483941e+01        -1.3744934170112110e-03         0.0000000000000000e+00         1.3098360563780589e-01         0.0000000000000000e+00
31                                     4.3386898902744528e+00         3.4993897599873293e+04         2.8576410991258683e+02        -1.4730394304188163e+01        -1.2737454663777548e-01         0.0000000000000000e+00        -1.4086577564278347e-03         0.0000000000000000e+00
32                                     4.4205198147130282e+00         3.5653900519839466e+04         2.8047422173165990e+02         1.8359179512426881e+01        -7.8408195860366390e-05         0.0000000000000000e+00        -1.1283132493221054e-02         0.0000000000000000e+00
33                                     4.4445610351882534e+00         3.5847806060166709e+04         2.7895709944469320e+02         1.9390749280644119e+01        -2.0924715404979424e-01         0.0000000000000000e+00        -1.5490413131438930e-04         0.0000000000000000e+00
34                                     4.4449422297427201e+00         3.5850880601915946e+04         2.7893317631549559e+02         1.9485162198240129e+01        -1.4692851900195510e-04         0.0000000000000000e+00         2.0705897430413334e-01         0.0000000000000000e+00
35                                     4.4984713782403984e+00         3.6282622346200333e+04         2.7561403650988422e+02        -1.8467288942716842e-03        -1.8532638172487567e-03         0.0000000000000000e+00         1.5638649295706497e-05         0.0000000000000000e+00
36                                     4.5468426419287971e+00         3.6672762939581451e+04         2.7268193608632782e+02         1.0795302822087850e-03        -4.4099981395311072e-03         0.0000000000000000e+00         2.2244275271242662e-05         0.0000000000000000e+00
37                                     4.6486960649547608e+00         3.7494266284071848e+04         2.6670744599283324e+02        -4.8568116104082335e+01         1.4161471799597942e-03         0.0000000000000000e+00        -3.7330665605750118e-01         0.0000000000000000e+00
38                                     4.6490857458695203e+00         3.7497409272940051e+04         2.6668509088750523e+02        -4.8808477127822201e+01        -3.7312691586245172e-01         0.0000000000000000e+00        -1.4103959822613179e-03         0.0000000000000000e+00
39                                     4.7089446328790201e+00         3.7980203806642094e+04         2.6329505894465916e+02         1.5607092083116619e+01        -2.5404166763270680e-01         0.0000000000000000e+00         7.9221357162008796e-05         0.0000000000000000e+00
40                                     4.7107455115150012e+00         3.7994728873925327e+04         2.6319440344428165e+02         1.5354905193485031e+01        -8.7746992340426678e-05         0.0000000000000000e+00        -2.5923884110341233e-01         0.0000000000000000e+00
41                                     4.7478473042796452e+00         3.8293975044915329e+04         2.6113768519123215e+02        -2.3449139371833194e+01         6.1227276456979476e-05         0.0000000000000000e+00        -1.3329071751396181e-02         0.0000000000000000e+00
42                                     4.7763858870245040e+00         3.8524154262023636e+04         2.5957740517766035e+02        -5.5312883532011440e+01        -3.4891086047636344e-01         0.0000000000000000e+00        -8.1011714710510670e-04         0.0000000000000000e+00
43                                     4.7768760751278174e+00         3.8528107896121910e+04         2.5955076815507363e+02        -5.5384890932271432e+01         8.2855191258355458e-04         0.0000000000000000e+00        -3.4637132490962053e-01         0.0000000000000000e+00
44                                     4.7888477363191972e+00         3.8624665865561161e+04         2.5890191606592720e+02        -4.0032173831006596e-03         1.4435003720138181e-03         0.0000000000000000e+00        -1.6689643918543122e-05         0.0000000000000000e+00
45                                     4.8231792656429091e+00         3.8901568352713810e+04         2.5705904474934596e+02        -2.1592468579698870e-01        -2.4094902790139517e-05         0.0000000000000000e+00        -1.6131502458302228e-02         0.0000000000000000e+00
46                                     4.8246745048729665e+00         3.8913628271681795e+04         2.5697937828319118e+02        -2.2708786209650419e-01         1.9771670396457688e-02         0.0000000000000000e+00        -2.4903110620026674e-05         0.0000000000000000e+00
47                                     4.8408301822946349e+00         3.9043932611389908e+04         2.5612174110460370e+02        -6.1089461634661070e+01        -5.5739355472630799e-05         0.0000000000000000e+00         1.5305454116921425e-03         0.0000000000000000e+00
48                                     4.8537976898765578e+00         3.9148522624486854e+04         2.5543748089602593e+02        -1.9838366689464237e+01        -2.3306957512939169e-01         0.0000000000000000e+00        -1.1444179134360191e-03         0.0000000000000000e+00
49                                     4.8541020298756985e+00         3.9150977292378499e+04         2.5542146560787629e+02        -2.0834742675470132e+01         1.1381595443330265e-03         0.0000000000000000e+00        -2.3351933408822634e-01         0.0000000000000000e+00
50                                     4.8846253779800550e+00         3.9397164723373149e+04         2.5382537221180539e+02         1.0792419773515071e+01         8.9198900411534336e-05         0.0000000000000000e+00         6.3909097241578422e-02         0.0000000000000000e+00
51                                     4.8862740097384778e+00         3.9410461836647701e+04         2.5373973138018445e+02         8.6915710788009513e+00         5.1711037952476127e-02         0.0000000000000000e+00        -1.0927758941372244e-04         0.0000000000000000e+00
52                                     4.8911589723531952e+00         3.9449861721369081e+04         2.5348631309861420e+02         3.6677446920952432e+00        -1.6859829827976841e-01         0.0000000000000000e+00        -1.1560561917377500e-04         0.0000000000000000e+00
53                                     4.8922508727716156e+00         3.9458668493089994e+04         2.5342973754299899e+02         1.2195446574535840e+00        -1.2311968963162864e-04         0.0000000000000000e+00         1.6216639674048602e-01         0.0000000000000000e+00
54                                     4.8999435559574289e+00         3.9520714173809429e+04         2.5303186465762423e+02        -7.6080784464140564e+01        -3.0472110508905008e-05         0.0000000000000000e+00        -1.3274394670103435e-03         0.0000000000000000e+00
55                                     4.9435789257209555e+00         3.9872657202662514e+04         2.5079843435496556e+02        -1.2987296122765190e-03        -2.4756763816193867e-03         0.0000000000000000e+00        -3.8327068466774496e-06         0.0000000000000000e+00
56                                     4.9510449200908591e+00         3.9932874514585936e+04         2.5042023950335422e+02        -2.6939247489923798e+02         1.0828168922690974e-05         0.0000000000000000e+00         3.2174175625819543e-03         0.0000000000000000e+00
57                                     5.0022946643770005e+00         4.0346231622128711e+04         2.4785462230170950e+02         3.0067716739149708e-03         1.1048855624046536e-02         0.0000000000000000e+00         5.8329244121565221e-06         0.0000000000000000e+00
58                                     5.0127616474308381e+00         4.0430653542668973e+04         2.4733708520062331e+02        -1.2636149948364336e-01         7.3659000342017847e-02         0.0000000000000000e+00        -4.5669109579239094e-05         0.0000000000000000e+00
59                                     5.0147177130969824e+00         4.0446430277893385e+04         2.4724060767028067e+02         1.5737598493133176e-01         4.3949389223816631e-05         0.0000000000000000e+00         7.7470413851337294e-02         0.0000000000000000e+00
60                                     5.1040115358598976e+00         4.1166633604033617e+04         2.4291517485219319e+02         1.8002400459813450e+02         2.3265013686214753e-03         0.0000000000000000e+00        -2.8551563387855711e-01         0.0000000000000000e+00
61                                     5.1044677484840983e+00         4.1170313207383668e+04         2.4289346426945701e+02         1.7478477814217237e+02        -2.7831078378380320e-01         0.0000000000000000e+00        -2.3207656475162119e-03         0.0000000000000000e+00
62                                     5.1956047398080951e+00         4.1905382692091815e+04         2.3863282847163100e+02         3.9231434168903814e+02        -7.1982613794479888e-01         0.0000000000000000e+00        -9.0001335152917769e-04         0.0000000000000000e+00
63                                     5.1962503802252602e+00         4.1910590133788726e+04         2.3860317805303106e+02         3.8901884511149342e+02         8.7491406901950221e-04         0.0000000000000000e+00        -7.1765508050185078e-01         0.0000000000000000e+00
64                                     5.3544387279585868e+00         4.3186465336227549e+04         2.3155402791465232e+02        -3.7574627890411404e+02         6.7360313501514783e-06         0.0000000000000000e+00        -1.0143718899692396e-03         0.0000000000000000e+00
65                                     5.5073866214388287e+00         4.4420073420216555e+04         2.2512344600152730e+02        -4.0328907350406590e-01        -3.2430738633941990e-06         0.0000000000000000e+00        -5.6392220102924318e-04         0.0000000000000000e+00
66                                     5.5365321308913487e+00         4.4655147831864138e+04         2.2393834721255578e+02         3.5937801393363450e-03        -7.8491061124695007e-04         0.0000000000000000e+00         5.4503886374016441e-06         0.0000000000000000e+00
67                                     5.5753830545989995e+00         4.4968501696802392e+04         2.2237787835192822e+02         1.2801718484188999e+01         3.4351428237119394e-05         0.0000000000000000e+00         5.6855228041090680e-02         0.0000000000000000e+00
68                                     5.5764756835899689e+00         4.4977314344857819e+04         2.2233430665348922e+02         1.2977945156347298e+01         5.7836924561258635e-02         0.0000000000000000e+00        -3.0020571586559304e-05         0.0000000000000000e+00
69                                     5.6006696805764804e+00         4.5172452110978295e+04         2.2137385801931464e+02         1.5697876728542498e-03        -5.2449547980715657e-07         0.0000000000000000e+00         1.2408301913778019e-03         0.0000000000000000e+00
                                                         8                           9

0                                     -1.7916911321599954e-01         0.0000000000000000e+00
1                                     -1.1799816466678390e-05         0.0000000000000000e+00
2                                     -1.5034836728844429e-03         0.0000000000000000e+00
3                                     -2.2418110277253469e-05         0.0000000000000000e+00
4                                     -2.3985607610037358e-03         0.0000000000000000e+00
5                                     -2.1079436507639598e-01         0.0000000000000000e+00
6                                     -1.1244112556132171e-03         0.0000000000000000e+00
7                                     -8.8765371444230562e-06         0.0000000000000000e+00
8                                      4.2708226653548634e-07         0.0000000000000000e+00
9                                     -8.2810714295720150e-02         0.0000000000000000e+00
10                                    -5.3695409055443946e-04         0.0000000000000000e+00
11                                     5.5816685229387465e-06         0.0000000000000000e+00
12                                    -5.8638876662261034e-06         0.0000000000000000e+00
13                                     8.3022312381345607e-04         0.0000000000000000e+00
14                                    -1.3710145888328615e-01         0.0000000000000000e+00
15                                     2.3317146699444941e-04         0.0000000000000000e+00
16                                    -7.6157249036222134e-03         0.0000000000000000e+00
17                                     2.1332952620531698e-01         0.0000000000000000e+00
18                                    -2.4063198475878290e-05         0.0000000000000000e+00
19                                    -3.9676568161558729e-03         0.0000000000000000e+00
20                                    -5.4151298585752173e-06         0.0000000000000000e+00
21                                     3.0965047770398383e-06         0.0000000000000000e+00
22                                    -3.6043361403668810e-04         0.0000000000000000e+00
23                                     3.6859439354229431e-02         0.0000000000000000e+00
24                                     7.2372271539031827e-04         0.0000000000000000e+00
25                                     6.5635309551148006e-06         0.0000000000000000e+00
26                                     1.8971722460524872e-06         0.0000000000000000e+00
27                                     3.0386217501507935e-03         0.0000000000000000e+00
28                                    -1.0745575828900992e-04         0.0000000000000000e+00
29                                    -1.1797611929539056e-01         0.0000000000000000e+00
30                                    -1.8772745338198726e-02         0.0000000000000000e+00
31                                     1.5694731485707371e-04         0.0000000000000000e+00
32                                    -3.2510547590188721e-01         0.0000000000000000e+00
33                                     1.2402504013764559e-04         0.0000000000000000e+00
34                                    -1.6420389010618867e-02         0.0000000000000000e+00
35                                    -1.9465010940037548e-06         0.0000000000000000e+00
36                                     4.7987418780687503e-07         0.0000000000000000e+00
37                                     1.1515488368642390e-03         0.0000000000000000e+00
38                                     4.4947569908297287e-06         0.0000000000000000e+00
39                                    -1.5226984073107269e-05         0.0000000000000000e+00
40                                     2.9456011710128076e-03         0.0000000000000000e+00
41                                    -1.3112752623241883e-01         0.0000000000000000e+00
42                                     1.0983066025408570e-05         0.0000000000000000e+00
43                                     3.3783467281459294e-03         0.0000000000000000e+00
44                                    -3.5985039997849510e-08         0.0000000000000000e+00
45                                    -6.3086577525426927e-03         0.0000000000000000e+00
46                                    -2.5207016259136176e-05         0.0000000000000000e+00
47                                    -2.2962509349196775e-01         0.0000000000000000e+00
48                                     5.6142782585409425e-05         0.0000000000000000e+00
49                                     2.5379901983385166e-03         0.0000000000000000e+00
50                                     5.6901476410029942e-03         0.0000000000000000e+00
51                                    -2.4217459668473758e-05         0.0000000000000000e+00
52                                     2.4585527847571800e-05         0.0000000000000000e+00
53                                    -6.4959108259050012e-03         0.0000000000000000e+00
54                                    -3.1543777202887818e-01         0.0000000000000000e+00
55                                     7.8829071537712654e-06         0.0000000000000000e+00
56                                     6.1511482915576587e-01         0.0000000000000000e+00
57                                     5.7208335395597517e-06         0.0000000000000000e+00
58                                     7.9709290983173412e-08         0.0000000000000000e+00
59                                     2.2785462332665612e-03         0.0000000000000000e+00
60                                    -5.1358332963519771e-03         0.0000000000000000e+00
61                                    -2.0560799730315753e-05         0.0000000000000000e+00
62                                     8.5118899524219763e-07         0.0000000000000000e+00
63                                     2.5171421418298890e-03         0.0000000000000000e+00
64                                    -4.7718932301126044e-01         0.0000000000000000e+00
65                                     1.3296030653989335e-02         0.0000000000000000e+00
66                                    -4.3328141072493289e-07         0.0000000000000000e+00
67                                    -1.6444569398268858e-05         0.0000000000000000e+00
68                                     9.3169649939330717e-07         0.0000000000000000e+00
69                                     1.8808167776471500e-04         0.0000000000000000e+00
   &States [&Type "ArrayOfIntegers", &Dim (70,4)] "The initial and Final states. Col1: Initial State  Col2: Initial Irrep Col3: Final State Col4: Final Irrep"
                                                         0                           1                           2                           3

0                                                        0                           0                           1                           1
1                                                        0                           0                           2                           0
2                                                        0                           0                           3                           1
3                                                        0                           0                           4                           0
4                                                        0                           0                           5                           1
5                                                        0                           0                           6                           1
6                                                        0                           0                           7                           1
7                                                        0                           0                           8                           0
8                                                        0                           0                           9                           0
9                                                        0                           0                          10                           1
10                                                       0                           0                          11                           1
11                                                       0                           0                          12                           0
12                                                       0                           0                          13                           0
13                                                       0                           0                          14                           1
14                                                       0                           0                          15                           1
15                                                       0                           0                          16                           0
16                                                       0                           0                          17                           1
17                                                       0                           0                          18                           1
18                                                       0                           0                          19                           0
19                                                       0                           0                          20                           1
20                                                       0                           0                          21                           0
21                                                       0                           0                          22                           0
22                                                       0                           0                          23                           1
23                                                       0                           0                          24                           1
24                                                       0                           0                          25                           1
25                                                       0                           0                          26                           0
26                                                       0                           0                          27                           0
27                                                       0                           0                          28                           1
28                                                       0                           0                          29                           0
29                                                       0                           0                          30                           1
30                                                       0                           0                          31                           1
31                                                       0                           0                          32                           0
32                                                       0                           0                          33                           1
33                                                       0                           0                          34                           0
34                                                       0                           0                          35                           1
35                                                       0                           0                          36                           0
36                                                       0                           0                          37                           0
37                                                       0                           0                          38                           1
38                                                       0                           0                          39                           0
39                                                       0                           0                          40                           0
40                                                       0                           0                          41                           1
41                                                       0                           0                          42                           1
42                                                       0                           0                          43                           0
43                                                       0                           0                          44                           1
44                                                       0                           0                          45                           0
45                                                       0                           0                          46                           1
46                                                       0                           0                          47                           0
47                                                       0                           0                          48                           1
48                                                       0                           0                          49                           0
49                                                       0                           0                          50                           1
50                                                       0                           0                          51                           1
51                                                       0                           0                          52                           0
52                                                       0                           0                          53                           0
53                                                       0                           0                          54                           1
54                                                       0                           0                          55                           1
55                                                       0                           0                          56                           0
56                                                       0                           0                          57                           1
57                                                       0                           0                          58                           0
58                                                       0                           0                          59                           0
59                                                       0                           0                          60                           1
60                                                       0                           0                          61                           1
61                                                       0                           0                          62                           0
62                                                       0                           0                          63                           0
63                                                       0                           0                          64                           1
64                                                       0                           0                          65                           1
65                                                       0                           0                          66                           1
66                                                       0                           0                          67                           0
67                                                       0                           0                          68                           1
68                                                       0                           0                          69                           0
69                                                       0                           0                          70                           1
   &Multiplicities [&Type "ArrayOfDoubles", &Dim (70,2)] "Col1: Multiplicity of the initial state  Col2: Multiplicity of the final state"
                                                         0                           1

0                                      6.0000000000000000e+00         6.0000000000000000e+00
1                                      6.0000000000000000e+00         6.0000000000000000e+00
2                                      6.0000000000000000e+00         6.0000000000000000e+00
3                                      6.0000000000000000e+00         6.0000000000000000e+00
4                                      6.0000000000000000e+00         6.0000000000000000e+00
5                                      6.0000000000000000e+00         6.0000000000000000e+00
6                                      6.0000000000000000e+00         6.0000000000000000e+00
7                                      6.0000000000000000e+00         6.0000000000000000e+00
8                                      6.0000000000000000e+00         6.0000000000000000e+00
9                                      6.0000000000000000e+00         6.0000000000000000e+00
10                                     6.0000000000000000e+00         6.0000000000000000e+00
11                                     6.0000000000000000e+00         6.0000000000000000e+00
12                                     6.0000000000000000e+00         6.0000000000000000e+00
13                                     6.0000000000000000e+00         6.0000000000000000e+00
14                                     6.0000000000000000e+00         6.0000000000000000e+00
15                                     6.0000000000000000e+00         6.0000000000000000e+00
16                                     6.0000000000000000e+00         6.0000000000000000e+00
17                                     6.0000000000000000e+00         6.0000000000000000e+00
18                                     6.0000000000000000e+00         6.0000000000000000e+00
19                                     6.0000000000000000e+00         6.0000000000000000e+00
20                                     6.0000000000000000e+00         6.0000000000000000e+00
21                                     6.0000000000000000e+00         6.0000000000000000e+00
22                                     6.0000000000000000e+00         6.0000000000000000e+00
23                                     6.0000000000000000e+00         6.0000000000000000e+00
24                                     6.0000000000000000e+00         6.0000000000000000e+00
25                                     6.0000000000000000e+00         6.0000000000000000e+00
26                                     6.0000000000000000e+00         6.0000000000000000e+00
27                                     6.0000000000000000e+00         6.0000000000000000e+00
28                                     6.0000000000000000e+00         6.0000000000000000e+00
29                                     6.0000000000000000e+00         6.0000000000000000e+00
30                                     6.0000000000000000e+00         6.0000000000000000e+00
31                                     6.0000000000000000e+00         6.0000000000000000e+00
32                                     6.0000000000000000e+00         6.0000000000000000e+00
33                                     6.0000000000000000e+00         6.0000000000000000e+00
34                                     6.0000000000000000e+00         6.0000000000000000e+00
35                                     6.0000000000000000e+00         6.0000000000000000e+00
36                                     6.0000000000000000e+00         6.0000000000000000e+00
37                                     6.0000000000000000e+00         6.0000000000000000e+00
38                                     6.0000000000000000e+00         6.0000000000000000e+00
39                                     6.0000000000000000e+00         6.0000000000000000e+00
40                                     6.0000000000000000e+00         6.0000000000000000e+00
41                                     6.0000000000000000e+00         6.0000000000000000e+00
42                                     6.0000000000000000e+00         6.0000000000000000e+00
43                                     6.0000000000000000e+00         6.0000000000000000e+00
44                                     6.0000000000000000e+00         6.0000000000000000e+00
45                                     6.0000000000000000e+00         6.0000000000000000e+00
46                                     6.0000000000000000e+00         6.0000000000000000e+00
47                                     6.0000000000000000e+00         6.0000000000000000e+00
48                                     6.0000000000000000e+00         6.0000000000000000e+00
49                                     6.0000000000000000e+00         6.0000000000000000e+00
50                                     6.0000000000000000e+00         6.0000000000000000e+00
51                                     6.0000000000000000e+00         6.0000000000000000e+00
52                                     6.0000000000000000e+00         6.0000000000000000e+00
53                                     6.0000000000000000e+00         6.0000000000000000e+00
54                                     6.0000000000000000e+00         6.0000000000000000e+00
55                                     6.0000000000000000e+00         6.0000000000000000e+00
56                                     6.0000000000000000e+00         6.0000000000000000e+00
57                                     6.0000000000000000e+00         6.0000000000000000e+00
58                                     6.0000000000000000e+00         6.0000000000000000e+00
59                                     6.0000000000000000e+00         6.0000000000000000e+00
60                                     6.0000000000000000e+00         6.0000000000000000e+00
61                                     6.0000000000000000e+00         6.0000000000000000e+00
62                                     6.0000000000000000e+00         6.0000000000000000e+00
63                                     6.0000000000000000e+00         6.0000000000000000e+00
64                                     6.0000000000000000e+00         6.0000000000000000e+00
65                                     6.0000000000000000e+00         6.0000000000000000e+00
66                                     6.0000000000000000e+00         6.0000000000000000e+00
67                                     6.0000000000000000e+00         6.0000000000000000e+00
68                                     6.0000000000000000e+00         6.0000000000000000e+00
69                                     6.0000000000000000e+00         6.0000000000000000e+00
   &Temperature [&Type "Double"]       2.9814999999999998e+02
$End
$CIS_ECD_Spectrum
   &GeometryIndex 1
   &Method [&Type "Integer"] 20
   &RelCorrection [&Type "Integer"] 1 "Type of relativistic treatment in QDPT. 0->Unknow, 1->None, 2->SOC, 3->SSC, 4->SOC/SSC"
   &DensType [&Type "Integer"] 3 "Type of density (electron/spin ...). 0->Unknow, 1->Electronic, 2->Spin, 3->Trans/Electronic, 4->Tran/Spin"
   &DeriType [&Type "Integer"] 0 "Type of derivative (w.r.t. to what perturbation). 0->Unknown, 1->No Derivative, 2->Electric/Dipole, 3->Electric/Quad, 4->Magnetic/Dipole, 5->Magnetic/Quad"
   &DensLevel [&Type "Integer"] 0 "// Source of density: relaxed, unrelaxed, ... 0->Unknown, 1->Linearized, 2->Unrelaxed, 3->Relaxed"
   &Density_name [&Type "String"] "Tdens-CIS"
   &Representation [&Type "String"] "Velocity" "Possible values: Unknown,  Length, Velocity"
   &PointGroup [&Type "String"] "D3"
   &DoHigherMoments [&Type "Boolean"] false
   &NTrans [&Type "Integer"] 70
   &ExcitationEnergies [&Type "ArrayOfDoubles", &Dim (70,10)] 
                                                         0                           1                           2                           3                           4                           5                           6                           7

0                                      2.5061652480500007e+00         2.0213588036151410e+04         4.9471672135176061e+02         8.3144816823258960e+00        -1.8138557104172532e-05         0.0000000000000000e+00         2.2941931394541881e-03         0.0000000000000000e+00
1                                      2.6103370608442455e+00         2.1053790457137158e+04         4.7497385425008048e+02        -4.8595662191163544e+00         2.7420711313829249e-01         0.0000000000000000e+00        -4.7277936133501292e-05         0.0000000000000000e+00
2                                      2.6113554557512972e+00         2.1062004366864490e+04         4.7478862058030728e+02        -4.8440853105317947e+00        -4.6232552117466337e-05         0.0000000000000000e+00        -2.7427203193359206e-01         0.0000000000000000e+00
3                                      2.7337904991231521e+00         2.2049509691915435e+04         4.5352482389513403e+02         2.6447754574950757e+00        -3.7128742595709335e-02         0.0000000000000000e+00         1.4564626401658979e-04         0.0000000000000000e+00
4                                      2.7345358650266456e+00         2.2055521473988123e+04         4.5340120440107557e+02         2.6399102422046803e+00         1.5246258268871360e-04         0.0000000000000000e+00         3.6090923998369377e-02         0.0000000000000000e+00
5                                      2.8184467370398645e+00         2.2732308369804017e+04         4.3990253155650873e+02         1.8910155200658372e+00         5.5198570581050509e-06         0.0000000000000000e+00        -1.4273740408010679e-04         0.0000000000000000e+00
6                                      2.8507948878989797e+00         2.2993213829133245e+04         4.3491092955999187e+02        -7.5677744016646082e+00        -1.4498009896117710e-04         0.0000000000000000e+00        -4.1328475121419184e-02         0.0000000000000000e+00
7                                      2.8517730948954165e+00         2.3001103601467865e+04         4.3476174766509149e+02        -7.4887396170793332e+00        -4.0597444987221357e-02         0.0000000000000000e+00         1.4175585618740957e-04         0.0000000000000000e+00
8                                      3.0424622356581565e+00         2.4539115405495886e+04         4.0751265213742613e+02         1.1127510804708592e-05         1.0234327895450291e-05         0.0000000000000000e+00         7.8996195053074480e-07         0.0000000000000000e+00
9                                      3.1297437056383117e+00         2.5243088010152071e+04         3.9614804638712491e+02        -8.5772708324735696e+00        -7.5505905493398750e-06         0.0000000000000000e+00        -9.2698279460851085e-04         0.0000000000000000e+00
10                                     3.3048920994977244e+00         2.6655755224104727e+04         3.7515350497205299e+02         1.6292203713549977e+01         2.7992803078572351e-04         0.0000000000000000e+00        -2.0172751527331304e-01         0.0000000000000000e+00
11                                     3.3053465719956776e+00         2.6659420792388595e+04         3.7510192280152808e+02         1.6186829921812862e+01         2.0044881298011563e-01         0.0000000000000000e+00         2.6653669684710476e-04         0.0000000000000000e+00
12                                     3.3702772212177661e+00         2.7183121851333679e+04         3.6787533288820441e+02        -2.1588555245958920e+00         1.2167217490767160e-01         0.0000000000000000e+00        -2.5588910027422781e-04         0.0000000000000000e+00
13                                     3.3721421371655969e+00         2.7198163414423274e+04         3.6767188459118404e+02        -2.1687717346380992e+00        -2.6954100283561519e-04         0.0000000000000000e+00        -1.2076933393318155e-01         0.0000000000000000e+00
14                                     3.4478876043813402e+00         2.7809091872192035e+04         3.5959462631714320e+02        -5.2928954703413211e-01        -1.8927532568201768e-04         0.0000000000000000e+00         9.2699131599054494e-03         0.0000000000000000e+00
15                                     3.4522044791210500e+00         2.7843909818718130e+04         3.5914496437843928e+02        -2.8590036987871246e+00        -1.7792701975338829e-01         0.0000000000000000e+00         2.1594212047475708e-03         0.0000000000000000e+00
16                                     3.4524377728387927e+00         2.7845791459645658e+04         3.5912069565313232e+02        -2.8056469191314348e+00        -2.1601068381795286e-03         0.0000000000000000e+00        -1.7833333577988930e-01         0.0000000000000000e+00
17                                     3.5381747258684828e+00         2.8537306693673210e+04         3.5041849279410184e+02         1.1435067069055604e+01         2.0871001906511242e-05         0.0000000000000000e+00        -3.7656803367574201e-03         0.0000000000000000e+00
18                                     3.5662064241830000e+00         2.8763397611709919e+04         3.4766407414709869e+02         4.3671419800727579e-01         1.8886121279000112e-01         0.0000000000000000e+00         4.0108505778058145e-04         0.0000000000000000e+00
19                                     3.5664905747391997e+00         2.8765689440745431e+04         3.4763637494588971e+02         3.0877306559415868e-01         4.0701621898407638e-04         0.0000000000000000e+00        -1.8973409878510356e-01         0.0000000000000000e+00
20                                     3.5736896559408731e+00         2.8823753952557912e+04         3.4693607281200678e+02         1.2043622839251871e-02         2.7191566659706408e-02         0.0000000000000000e+00         1.1547995217799171e-04         0.0000000000000000e+00
21                                     4.1023408927689058e+00         3.3087614176602714e+04         3.0222789550874637e+02        -1.3682780627515845e+00        -4.1922265344476038e-02         0.0000000000000000e+00         1.3541891271313491e-05         0.0000000000000000e+00
22                                     4.1026512563844575e+00         3.3090117428242265e+04         3.0220503211224769e+02        -1.3728537391681084e+00        -1.3071968743639195e-05         0.0000000000000000e+00        -4.1849086869410246e-02         0.0000000000000000e+00
23                                     4.1356119730106276e+00         3.3355963564196834e+04         2.9979646610280093e+02         1.0714043503037949e+00         1.5125961001889343e-06         0.0000000000000000e+00        -2.2747312826937370e-04         0.0000000000000000e+00
24                                     4.1694494017592190e+00         3.3628880861034639e+04         2.9736344903427556e+02         1.1442673074070502e+00        -2.4046851944993654e-04         0.0000000000000000e+00        -5.7603010322986918e-02         0.0000000000000000e+00
25                                     4.1703968591995473e+00         3.3636522621447482e+04         2.9729589210341709e+02         1.0978457485722595e+00         5.5523173122269502e-02         0.0000000000000000e+00        -2.4095633173177631e-04         0.0000000000000000e+00
26                                     4.2590322409679873e+00         3.4351415262261289e+04         2.9110882109669791e+02         1.4570053483218070e-06        -9.5416382746142098e-06         0.0000000000000000e+00        -1.3109363628987950e-05         0.0000000000000000e+00
27                                     4.2984447264555738e+00         3.4669298428882779e+04         2.8843964121492172e+02         6.3106709855282688e+00        -4.8234829368030783e-03         0.0000000000000000e+00         1.2239273977322078e-01         0.0000000000000000e+00
28                                     4.2985965313659218e+00         3.4670522818185134e+04         2.8842945497074743e+02         6.1220701123963144e+00        -1.2739295023403849e-01         0.0000000000000000e+00        -4.6416631824710494e-03         0.0000000000000000e+00
29                                     4.3333971488385519e+00         3.4951208756808999e+04         2.8611313759075227e+02        -1.2359548663980513e+00         5.0970791579396400e-05         0.0000000000000000e+00        -1.6807759371812583e-02         0.0000000000000000e+00
30                                     4.3381792665308083e+00         3.4989779141202795e+04         2.8579774566865819e+02        -1.2314927732458651e+01        -1.3744934170112110e-03         0.0000000000000000e+00         1.3098360563780589e-01         0.0000000000000000e+00
31                                     4.3386898902744528e+00         3.4993897599873293e+04         2.8576410991258683e+02        -1.2338876156176825e+01        -1.2737454663777548e-01         0.0000000000000000e+00        -1.4086577564278347e-03         0.0000000000000000e+00
32                                     4.4205198147130282e+00         3.5653900519839466e+04         2.8047422173165990e+02        -1.4522623946238532e+01        -7.8408195860366390e-05         0.0000000000000000e+00        -1.1283132493221054e-02         0.0000000000000000e+00
33                                     4.4445610351882534e+00         3.5847806060166709e+04         2.7895709944469320e+02         2.5599342978175184e+01        -2.0924715404979424e-01         0.0000000000000000e+00        -1.5490413131438930e-04         0.0000000000000000e+00
34                                     4.4449422297427201e+00         3.5850880601915946e+04         2.7893317631549559e+02         2.5461096173407828e+01        -1.4692851900195510e-04         0.0000000000000000e+00         2.0705897430413334e-01         0.0000000000000000e+00
35                                     4.4984713782403984e+00         3.6282622346200333e+04         2.7561403650988422e+02        -1.5499612952898265e-03        -1.8532638172487567e-03         0.0000000000000000e+00         1.5638649295706497e-05         0.0000000000000000e+00
36                                     4.5468426419287971e+00         3.6672762939581451e+04         2.7268193608632782e+02         2.5681801702717969e-03        -4.4099981395311072e-03         0.0000000000000000e+00         2.2244275271242662e-05         0.0000000000000000e+00
37                                     4.6486960649547608e+00         3.7494266284071848e+04         2.6670744599283324e+02        -4.9438479895193964e+01         1.4161471799597942e-03         0.0000000000000000e+00        -3.7330665605750118e-01         0.0000000000000000e+00
38                                     4.6490857458695203e+00         3.7497409272940051e+04         2.6668509088750523e+02        -4.9901528036686031e+01        -3.7312691586245172e-01         0.0000000000000000e+00        -1.4103959822613179e-03         0.0000000000000000e+00
39                                     4.7089446328790201e+00         3.7980203806642094e+04         2.6329505894465916e+02        -1.0753940341726234e+00        -2.5404166763270680e-01         0.0000000000000000e+00         7.9221357162008796e-05         0.0000000000000000e+00
40                                     4.7107455115150012e+00         3.7994728873925327e+04         2.6319440344428165e+02        -1.8765926084055060e+00        -8.7746992340426678e-05         0.0000000000000000e+00        -2.5923884110341233e-01         0.0000000000000000e+00
41                                     4.7478473042796452e+00         3.8293975044915329e+04         2.6113768519123215e+02        -4.4411066259343412e+00         6.1227276456979476e-05         0.0000000000000000e+00        -1.3329071751396181e-02         0.0000000000000000e+00
42                                     4.7763858870245040e+00         3.8524154262023636e+04         2.5957740517766035e+02        -7.9591853696390942e+01        -3.4891086047636344e-01         0.0000000000000000e+00        -8.1011714710510670e-04         0.0000000000000000e+00
43                                     4.7768760751278174e+00         3.8528107896121910e+04         2.5955076815507363e+02        -7.9351432157294866e+01         8.2855191258355458e-04         0.0000000000000000e+00        -3.4637132490962053e-01         0.0000000000000000e+00
44                                     4.7888477363191972e+00         3.8624665865561161e+04         2.5890191606592720e+02        -4.1660234159896399e-03         1.4435003720138181e-03         0.0000000000000000e+00        -1.6689643918543122e-05         0.0000000000000000e+00
45                                     4.8231792656429091e+00         3.8901568352713810e+04         2.5705904474934596e+02        -3.7900318189784771e-01        -2.4094902790139517e-05         0.0000000000000000e+00        -1.6131502458302228e-02         0.0000000000000000e+00
46                                     4.8246745048729665e+00         3.8913628271681795e+04         2.5697937828319118e+02        -5.0846817971762470e-01         1.9771670396457688e-02         0.0000000000000000e+00        -2.4903110620026674e-05         0.0000000000000000e+00
47                                     4.8408301822946349e+00         3.9043932611389908e+04         2.5612174110460370e+02        -9.0112456773135836e+00        -5.5739355472630799e-05         0.0000000000000000e+00         1.5305454116921425e-03         0.0000000000000000e+00
48                                     4.8537976898765578e+00         3.9148522624486854e+04         2.5543748089602593e+02        -3.4770444808074934e+01        -2.3306957512939169e-01         0.0000000000000000e+00        -1.1444179134360191e-03         0.0000000000000000e+00
49                                     4.8541020298756985e+00         3.9150977292378499e+04         2.5542146560787629e+02        -3.5554490421084161e+01         1.1381595443330265e-03         0.0000000000000000e+00        -2.3351933408822634e-01         0.0000000000000000e+00
50                                     4.8846253779800550e+00         3.9397164723373149e+04         2.5382537221180539e+02         5.6819282456183773e+00         8.9198900411534336e-05         0.0000000000000000e+00         6.3909097241578422e-02         0.0000000000000000e+00
51                                     4.8862740097384778e+00         3.9410461836647701e+04         2.5373973138018445e+02         4.7190545915076161e+00         5.1711037952476127e-02         0.0000000000000000e+00        -1.0927758941372244e-04         0.0000000000000000e+00
52                                     4.8911589723531952e+00         3.9449861721369081e+04         2.5348631309861420e+02        -3.7332891217557651e+00        -1.6859829827976841e-01         0.0000000000000000e+00        -1.1560561917377500e-04         0.0000000000000000e+00
53                                     4.8922508727716156e+00         3.9458668493089994e+04         2.5342973754299899e+02        -4.7145305554402048e+00        -1.2311968963162864e-04         0.0000000000000000e+00         1.6216639674048602e-01         0.0000000000000000e+00
54                                     4.8999435559574289e+00         3.9520714173809429e+04         2.5303186465762423e+02        -1.3209813513605175e+01        -3.0472110508905008e-05         0.0000000000000000e+00        -1.3274394670103435e-03         0.0000000000000000e+00
55                                     4.9435789257209555e+00         3.9872657202662514e+04         2.5079843435496556e+02        -1.6023018351351390e-03        -2.4756763816193867e-03         0.0000000000000000e+00        -3.8327068466774496e-06         0.0000000000000000e+00
56                                     4.9510449200908591e+00         3.9932874514585936e+04         2.5042023950335422e+02        -3.9715028668219894e+01         1.0828168922690974e-05         0.0000000000000000e+00         3.2174175625819543e-03         0.0000000000000000e+00
57                                     5.0022946643770005e+00         4.0346231622128711e+04         2.4785462230170950e+02        -1.0201456654198289e-02         1.1048855624046536e-02         0.0000000000000000e+00         5.8329244121565221e-06         0.0000000000000000e+00
58                                     5.0127616474308381e+00         4.0430653542668973e+04         2.4733708520062331e+02        -4.5032334538939339e-01         7.3659000342017847e-02         0.0000000000000000e+00        -4.5669109579239094e-05         0.0000000000000000e+00
59                                     5.0147177130969824e+00         4.0446430277893385e+04         2.4724060767028067e+02        -3.2487871257969364e-01         4.3949389223816631e-05         0.0000000000000000e+00         7.7470413851337294e-02         0.0000000000000000e+00
60                                     5.1040115358598976e+00         4.1166633604033617e+04         2.4291517485219319e+02         1.3107139028659307e+02         2.3265013686214753e-03         0.0000000000000000e+00        -2.8551563387855711e-01         0.0000000000000000e+00
61                                     5.1044677484840983e+00         4.1170313207383668e+04         2.4289346426945701e+02         1.2778196275669958e+02        -2.7831078378380320e-01         0.0000000000000000e+00        -2.3207656475162119e-03         0.0000000000000000e+00
62                                     5.1956047398080951e+00         4.1905382692091815e+04         2.3863282847163100e+02         1.6064621330686163e+02        -7.1982613794479888e-01         0.0000000000000000e+00        -9.0001335152917769e-04         0.0000000000000000e+00
63                                     5.1962503802252602e+00         4.1910590133788726e+04         2.3860317805303106e+02         1.5867383634829901e+02         8.7491406901950221e-04         0.0000000000000000e+00        -7.1765508050185078e-01         0.0000000000000000e+00
64                                     5.3544387279585868e+00         4.3186465336227549e+04         2.3155402791465232e+02        -1.1062056970893869e+02         6.7360313501514783e-06         0.0000000000000000e+00        -1.0143718899692396e-03         0.0000000000000000e+00
65                                     5.5073866214388287e+00         4.4420073420216555e+04         2.2512344600152730e+02        -1.9709273492925478e-01        -3.2430738633941990e-06         0.0000000000000000e+00        -5.6392220102924318e-04         0.0000000000000000e+00
66                                     5.5365321308913487e+00         4.4655147831864138e+04         2.2393834721255578e+02         2.7291646459038565e-03        -7.8491061124695007e-04         0.0000000000000000e+00         5.4503886374016441e-06         0.0000000000000000e+00
67                                     5.5753830545989995e+00         4.4968501696802392e+04         2.2237787835192822e+02         9.5207644844856247e+00         3.4351428237119394e-05         0.0000000000000000e+00         5.6855228041090680e-02         0.0000000000000000e+00
68                                     5.5764756835899689e+00         4.4977314344857819e+04         2.2233430665348922e+02         9.6654381993722609e+00         5.7836924561258635e-02         0.0000000000000000e+00        -3.0020571586559304e-05         0.0000000000000000e+00
69                                     5.6006696805764804e+00         4.5172452110978295e+04         2.2137385801931464e+02        -2.1060424729231489e-02        -5.2449547980715657e-07         0.0000000000000000e+00         1.2408301913778019e-03         0.0000000000000000e+00
                                                         8                           9

0                                     -1.7916911321599954e-01         0.0000000000000000e+00
1                                     -1.1799816466678390e-05         0.0000000000000000e+00
2                                     -1.5034836728844429e-03         0.0000000000000000e+00
3                                     -2.2418110277253469e-05         0.0000000000000000e+00
4                                     -2.3985607610037358e-03         0.0000000000000000e+00
5                                     -2.1079436507639598e-01         0.0000000000000000e+00
6                                     -1.1244112556132171e-03         0.0000000000000000e+00
7                                     -8.8765371444230562e-06         0.0000000000000000e+00
8                                      4.2708226653548634e-07         0.0000000000000000e+00
9                                     -8.2810714295720150e-02         0.0000000000000000e+00
10                                    -5.3695409055443946e-04         0.0000000000000000e+00
11                                     5.5816685229387465e-06         0.0000000000000000e+00
12                                    -5.8638876662261034e-06         0.0000000000000000e+00
13                                     8.3022312381345607e-04         0.0000000000000000e+00
14                                    -1.3710145888328615e-01         0.0000000000000000e+00
15                                     2.3317146699444941e-04         0.0000000000000000e+00
16                                    -7.6157249036222134e-03         0.0000000000000000e+00
17                                     2.1332952620531698e-01         0.0000000000000000e+00
18                                    -2.4063198475878290e-05         0.0000000000000000e+00
19                                    -3.9676568161558729e-03         0.0000000000000000e+00
20                                    -5.4151298585752173e-06         0.0000000000000000e+00
21                                     3.0965047770398383e-06         0.0000000000000000e+00
22                                    -3.6043361403668810e-04         0.0000000000000000e+00
23                                     3.6859439354229431e-02         0.0000000000000000e+00
24                                     7.2372271539031827e-04         0.0000000000000000e+00
25                                     6.5635309551148006e-06         0.0000000000000000e+00
26                                     1.8971722460524872e-06         0.0000000000000000e+00
27                                     3.0386217501507935e-03         0.0000000000000000e+00
28                                    -1.0745575828900992e-04         0.0000000000000000e+00
29                                    -1.1797611929539056e-01         0.0000000000000000e+00
30                                    -1.8772745338198726e-02         0.0000000000000000e+00
31                                     1.5694731485707371e-04         0.0000000000000000e+00
32                                    -3.2510547590188721e-01         0.0000000000000000e+00
33                                     1.2402504013764559e-04         0.0000000000000000e+00
34                                    -1.6420389010618867e-02         0.0000000000000000e+00
35                                    -1.9465010940037548e-06         0.0000000000000000e+00
36                                     4.7987418780687503e-07         0.0000000000000000e+00
37                                     1.1515488368642390e-03         0.0000000000000000e+00
38                                     4.4947569908297287e-06         0.0000000000000000e+00
39                                    -1.5226984073107269e-05         0.0000000000000000e+00
40                                     2.9456011710128076e-03         0.0000000000000000e+00
41                                    -1.3112752623241883e-01         0.0000000000000000e+00
42                                     1.0983066025408570e-05         0.0000000000000000e+00
43                                     3.3783467281459294e-03         0.0000000000000000e+00
44                                    -3.5985039997849510e-08         0.0000000000000000e+00
45                                    -6.3086577525426927e-03         0.0000000000000000e+00
46                                    -2.5207016259136176e-05         0.0000000000000000e+00
47                                    -2.2962509349196775e-01         0.0000000000000000e+00
48                                     5.6142782585409425e-05         0.0000000000000000e+00
49                                     2.5379901983385166e-03         0.0000000000000000e+00
50                                     5.6901476410029942e-03         0.0000000000000000e+00
51                                    -2.4217459668473758e-05         0.0000000000000000e+00
52                                     2.4585527847571800e-05         0.0000000000000000e+00
53                                    -6.4959108259050012e-03         0.0000000000000000e+00
54                                    -3.1543777202887818e-01         0.0000000000000000e+00
55                                     7.8829071537712654e-06         0.0000000000000000e+00
56                                     6.1511482915576587e-01         0.0000000000000000e+00
57                                     5.7208335395597517e-06         0.0000000000000000e+00
58                                     7.9709290983173412e-08         0.0000000000000000e+00
59                                     2.2785462332665612e-03         0.0000000000000000e+00
60                                    -5.1358332963519771e-03         0.0000000000000000e+00
61                                    -2.0560799730315753e-05         0.0000000000000000e+00
62                                     8.5118899524219763e-07         0.0000000000000000e+00
63                                     2.5171421418298890e-03         0.0000000000000000e+00
64                                    -4.7718932301126044e-01         0.0000000000000000e+00
65                                     1.3296030653989335e-02         0.0000000000000000e+00
66                                    -4.3328141072493289e-07         0.0000000000000000e+00
67                                    -1.6444569398268858e-05         0.0000000000000000e+00
68                                     9.3169649939330717e-07         0.0000000000000000e+00
69                                     1.8808167776471500e-04         0.0000000000000000e+00
   &States [&Type "ArrayOfIntegers", &Dim (70,4)] "The initial and Final states. Col1: Initial State  Col2: Initial Irrep Col3: Final State Col4: Final Irrep"
                                                         0                           1                           2                           3

0                                                        0                           0                           1                           1
1                                                        0                           0                           2                           0
2                                                        0                           0                           3                           1
3                                                        0                           0                           4                           0
4                                                        0                           0                           5                           1
5                                                        0                           0                           6                           1
6                                                        0                           0                           7                           1
7                                                        0                           0                           8                           0
8                                                        0                           0                           9                           0
9                                                        0                           0                          10                           1
10                                                       0                           0                          11                           1
11                                                       0                           0                          12                           0
12                                                       0                           0                          13                           0
13                                                       0                           0                          14                           1
14                                                       0                           0                          15                           1
15                                                       0                           0                          16                           0
16                                                       0                           0                          17                           1
17                                                       0                           0                          18                           1
18                                                       0                           0                          19                           0
19                                                       0                           0                          20                           1
20                                                       0                           0                          21                           0
21                                                       0                           0                          22                           0
22                                                       0                           0                          23                           1
23                                                       0                           0                          24                           1
24                                                       0                           0                          25                           1
25                                                       0                           0                          26                           0
26                                                       0                           0                          27                           0
27                                                       0                           0                          28                           1
28                                                       0                           0                          29                           0
29                                                       0                           0                          30                           1
30                                                       0                           0                          31                           1
31                                                       0                           0                          32                           0
32                                                       0                           0                          33                           1
33                                                       0                           0                          34                           0
34                                                       0                           0                          35                           1
35                                                       0                           0                          36                           0
36                                                       0                           0                          37                           0
37                                                       0                           0                          38                           1
38                                                       0                           0                          39                           0
39                                                       0                           0                          40                           0
40                                                       0                           0                          41                           1
41                                                       0                           0                          42                           1
42                                                       0                           0                          43                           0
43                                                       0                           0                          44                           1
44                                                       0                           0                          45                           0
45                                                       0                           0                          46                           1
46                                                       0                           0                          47                           0
47                                                       0                           0                          48                           1
48                                                       0                           0                          49                           0
49                                                       0                           0                          50                           1
50                                                       0                           0                          51                           1
51                                                       0                           0                          52                           0
52                                                       0                           0                          53                           0
53                                                       0                           0                          54                           1
54                                                       0                           0                          55                           1
55                                                       0                           0                          56                           0
56                                                       0                           0                          57                           1
57                                                       0                           0                          58                           0
58                                                       0                           0                          59                           0
59                                                       0                           0                          60                           1
60                                                       0                           0                          61                           1
61                                                       0                           0                          62                           0
62                                                       0                           0                          63                           0
63                                                       0                           0                          64                           1
64                                                       0                           0                          65                           1
65                                                       0                           0                          66                           1
66                                                       0                           0                          67                           0
67                                                       0                           0                          68                           1
68                                                       0                           0                          69                           0
69                                                       0                           0                          70                           1
   &Multiplicities [&Type "ArrayOfDoubles", &Dim (70,2)] "Col1: Multiplicity of the initial state  Col2: Multiplicity of the final state"
                                                         0                           1

0                                      6.0000000000000000e+00         6.0000000000000000e+00
1                                      6.0000000000000000e+00         6.0000000000000000e+00
2                                      6.0000000000000000e+00         6.0000000000000000e+00
3                                      6.0000000000000000e+00         6.0000000000000000e+00
4                                      6.0000000000000000e+00         6.0000000000000000e+00
5                                      6.0000000000000000e+00         6.0000000000000000e+00
6                                      6.0000000000000000e+00         6.0000000000000000e+00
7                                      6.0000000000000000e+00         6.0000000000000000e+00
8                                      6.0000000000000000e+00         6.0000000000000000e+00
9                                      6.0000000000000000e+00         6.0000000000000000e+00
10                                     6.0000000000000000e+00         6.0000000000000000e+00
11                                     6.0000000000000000e+00         6.0000000000000000e+00
12                                     6.0000000000000000e+00         6.0000000000000000e+00
13                                     6.0000000000000000e+00         6.0000000000000000e+00
14                                     6.0000000000000000e+00         6.0000000000000000e+00
15                                     6.0000000000000000e+00         6.0000000000000000e+00
16                                     6.0000000000000000e+00         6.0000000000000000e+00
17                                     6.0000000000000000e+00         6.0000000000000000e+00
18                                     6.0000000000000000e+00         6.0000000000000000e+00
19                                     6.0000000000000000e+00         6.0000000000000000e+00
20                                     6.0000000000000000e+00         6.0000000000000000e+00
21                                     6.0000000000000000e+00         6.0000000000000000e+00
22                                     6.0000000000000000e+00         6.0000000000000000e+00
23                                     6.0000000000000000e+00         6.0000000000000000e+00
24                                     6.0000000000000000e+00         6.0000000000000000e+00
25                                     6.0000000000000000e+00         6.0000000000000000e+00
26                                     6.0000000000000000e+00         6.0000000000000000e+00
27                                     6.0000000000000000e+00         6.0000000000000000e+00
28                                     6.0000000000000000e+00         6.0000000000000000e+00
29                                     6.0000000000000000e+00         6.0000000000000000e+00
30                                     6.0000000000000000e+00         6.0000000000000000e+00
31                                     6.0000000000000000e+00         6.0000000000000000e+00
32                                     6.0000000000000000e+00         6.0000000000000000e+00
33                                     6.0000000000000000e+00         6.0000000000000000e+00
34                                     6.0000000000000000e+00         6.0000000000000000e+00
35                                     6.0000000000000000e+00         6.0000000000000000e+00
36                                     6.0000000000000000e+00         6.0000000000000000e+00
37                                     6.0000000000000000e+00         6.0000000000000000e+00
38                                     6.0000000000000000e+00         6.0000000000000000e+00
39                                     6.0000000000000000e+00         6.0000000000000000e+00
40                                     6.0000000000000000e+00         6.0000000000000000e+00
41                                     6.0000000000000000e+00         6.0000000000000000e+00
42                                     6.0000000000000000e+00         6.0000000000000000e+00
43                                     6.0000000000000000e+00         6.0000000000000000e+00
44                                     6.0000000000000000e+00         6.0000000000000000e+00
45                                     6.0000000000000000e+00         6.0000000000000000e+00
46                                     6.0000000000000000e+00         6.0000000000000000e+00
47                                     6.0000000000000000e+00         6.0000000000000000e+00
48                                     6.0000000000000000e+00         6.0000000000000000e+00
49                                     6.0000000000000000e+00         6.0000000000000000e+00
50                                     6.0000000000000000e+00         6.0000000000000000e+00
51                                     6.0000000000000000e+00         6.0000000000000000e+00
52                                     6.0000000000000000e+00         6.0000000000000000e+00
53                                     6.0000000000000000e+00         6.0000000000000000e+00
54                                     6.0000000000000000e+00         6.0000000000000000e+00
55                                     6.0000000000000000e+00         6.0000000000000000e+00
56                                     6.0000000000000000e+00         6.0000000000000000e+00
57                                     6.0000000000000000e+00         6.0000000000000000e+00
58                                     6.0000000000000000e+00         6.0000000000000000e+00
59                                     6.0000000000000000e+00         6.0000000000000000e+00
60                                     6.0000000000000000e+00         6.0000000000000000e+00
61                                     6.0000000000000000e+00         6.0000000000000000e+00
62                                     6.0000000000000000e+00         6.0000000000000000e+00
63                                     6.0000000000000000e+00         6.0000000000000000e+00
64                                     6.0000000000000000e+00         6.0000000000000000e+00
65                                     6.0000000000000000e+00         6.0000000000000000e+00
66                                     6.0000000000000000e+00         6.0000000000000000e+00
67                                     6.0000000000000000e+00         6.0000000000000000e+00
68                                     6.0000000000000000e+00         6.0000000000000000e+00
69                                     6.0000000000000000e+00         6.0000000000000000e+00
   &Temperature [&Type "Double"]       2.9814999999999998e+02
$End
$CIS_Energies
   &GeometryIndex 1
   &e0 [&Type "Double"]      -2.2984755441839984e+03  "Ground state energy"
   &multP1 [&Type "Boolean"] false "Do the higher multiplicity too?"
   &mode [&Type "String"] "TDA" "CIS mode: CIS, RPA, TDA, TD-DFT, sTDA, sTD-DFT"
   &dCorr [&Type "Integer"] 0 "(D) Correction algorithm"
   &Method [&Type "String"] "TDA/CIS"
   &totalEnergy [&Type "ArrayOfDoubles", &Dim (70,1)] "Total energy of each state"
                                                         0

0                                     -2.2983834443002397e+03
1                                     -2.2983796160563293e+03
2                                     -2.2983795786310029e+03
3                                     -2.2983750792256778e+03
4                                     -2.2983750518339834e+03
5                                     -2.2983719681659913e+03
6                                     -2.2983707793932490e+03
7                                     -2.2983707434448015e+03
8                                     -2.2983637357473990e+03
9                                     -2.2983605282122035e+03
10                                    -2.2983540916267757e+03
11                                    -2.2983540749252179e+03
12                                    -2.2983516887676210e+03
13                                    -2.2983516202332166e+03
14                                    -2.2983488366383476e+03
15                                    -2.2983486779961104e+03
16                                    -2.2983486694227236e+03
17                                    -2.2983455186474844e+03
18                                    -2.2983444885014642e+03
19                                    -2.2983444780591230e+03
20                                    -2.2983442134977408e+03
21                                    -2.2983247859210883e+03
22                                    -2.2983247745154345e+03
23                                    -2.2983235632313135e+03
24                                    -2.2983223197286125e+03
25                                    -2.2983222849101903e+03
26                                    -2.2983190276196488e+03
27                                    -2.2983175792373704e+03
28                                    -2.2983175736586422e+03
29                                    -2.2983162947594051e+03
30                                    -2.2983161190198030e+03
31                                    -2.2983161002547245e+03
32                                    -2.2983130930601533e+03
33                                    -2.2983122095615040e+03
34                                    -2.2983121955528609e+03
35                                    -2.2983102283927315e+03
36                                    -2.2983084507813924e+03
37                                    -2.2983047077367432e+03
38                                    -2.2983046934162321e+03
39                                    -2.2983024936424786e+03
40                                    -2.2983024274614022e+03
41                                    -2.2983010639955241e+03
42                                    -2.2983000152218428e+03
43                                    -2.2982999972077600e+03
44                                    -2.2982995572572800e+03
45                                    -2.2982982955967163e+03
46                                    -2.2982982406476822e+03
47                                    -2.2982976469374257e+03
48                                    -2.2982971703902617e+03
49                                    -2.2982971592059721e+03
50                                    -2.2982960374935014e+03
51                                    -2.2982959769073955e+03
52                                    -2.2982957973883117e+03
53                                    -2.2982957572617074e+03
54                                    -2.2982954745607849e+03
55                                    -2.2982938709903556e+03
56                                    -2.2982935966200944e+03
57                                    -2.2982917132265329e+03
58                                    -2.2982913285719605e+03
59                                    -2.2982912566878654e+03
60                                    -2.2982879752000613e+03
61                                    -2.2982879584345551e+03
62                                    -2.2982846092115483e+03
63                                    -2.2982845854846983e+03
64                                    -2.2982787721695349e+03
65                                    -2.2982731514375332e+03
66                                    -2.2982720803597044e+03
67                                    -2.2982706526144430e+03
68                                    -2.2982706124610640e+03
69                                    -2.2982697233479812e+03
   &Mult [&Type "ArrayOfIntegers", &Dim (70,1)] "Multiplicity of each state"
                                                         0

0                                                        6
1                                                        6
2                                                        6
3                                                        6
4                                                        6
5                                                        6
6                                                        6
7                                                        6
8                                                        6
9                                                        6
10                                                       6
11                                                       6
12                                                       6
13                                                       6
14                                                       6
15                                                       6
16                                                       6
17                                                       6
18                                                       6
19                                                       6
20                                                       6
21                                                       6
22                                                       6
23                                                       6
24                                                       6
25                                                       6
26                                                       6
27                                                       6
28                                                       6
29                                                       6
30                                                       6
31                                                       6
32                                                       6
33                                                       6
34                                                       6
35                                                       6
36                                                       6
37                                                       6
38                                                       6
39                                                       6
40                                                       6
41                                                       6
42                                                       6
43                                                       6
44                                                       6
45                                                       6
46                                                       6
47                                                       6
48                                                       6
49                                                       6
50                                                       6
51                                                       6
52                                                       6
53                                                       6
54                                                       6
55                                                       6
56                                                       6
57                                                       6
58                                                       6
59                                                       6
60                                                       6
61                                                       6
62                                                       6
63                                                       6
64                                                       6
65                                                       6
66                                                       6
67                                                       6
68                                                       6
69                                                       6
   &Irrep [&Type "ArrayOfIntegers", &Dim (70,1)] "Irreducible representation of each state"
                                                         0

0                                                        1
1                                                        0
2                                                        1
3                                                        0
4                                                        1
5                                                        1
6                                                        1
7                                                        0
8                                                        0
9                                                        1
10                                                       1
11                                                       0
12                                                       0
13                                                       1
14                                                       1
15                                                       0
16                                                       1
17                                                       1
18                                                       0
19                                                       1
20                                                       0
21                                                       0
22                                                       1
23                                                       1
24                                                       1
25                                                       0
26                                                       0
27                                                       1
28                                                       0
29                                                       1
30                                                       1
31                                                       0
32                                                       1
33                                                       0
34                                                       1
35                                                       0
36                                                       0
37                                                       1
38                                                       0
39                                                       0
40                                                       1
41                                                       1
42                                                       0
43                                                       1
44                                                       0
45                                                       1
46                                                       0
47                                                       1
48                                                       0
49                                                       1
50                                                       1
51                                                       0
52                                                       0
53                                                       1
54                                                       1
55                                                       0
56                                                       1
57                                                       0
58                                                       0
59                                                       1
60                                                       1
61                                                       0
62                                                       0
63                                                       1
64                                                       1
65                                                       1
66                                                       0
67                                                       1
68                                                       0
69                                                       1
   &RelCorr [&Type "String"] "None" "Relativistic correction (SOC and/or SSC)"
   &NBlocks [&Type "Integer"] 1 "Number of multiplicity blocks"
   &NRoots [&Type "ArrayOfIntegers", &Dim (1,1)] "Number of roots in each block"
                                                         0

0                                                       70
   &NTotalRoots [&Type "Integer"] 70 "Total number of roots"
   &Block [&Type "ArrayOfIntegers", &Dim (70,1)] "Block index of each state"
                                                         0

0                                                        0
1                                                        0
2                                                        0
3                                                        0
4                                                        0
5                                                        0
6                                                        0
7                                                        0
8                                                        0
9                                                        0
10                                                       0
11                                                       0
12                                                       0
13                                                       0
14                                                       0
15                                                       0
16                                                       0
17                                                       0
18                                                       0
19                                                       0
20                                                       0
21                                                       0
22                                                       0
23                                                       0
24                                                       0
25                                                       0
26                                                       0
27                                                       0
28                                                       0
29                                                       0
30                                                       0
31                                                       0
32                                                       0
33                                                       0
34                                                       0
35                                                       0
36                                                       0
37                                                       0
38                                                       0
39                                                       0
40                                                       0
41                                                       0
42                                                       0
43                                                       0
44                                                       0
45                                                       0
46                                                       0
47                                                       0
48                                                       0
49                                                       0
50                                                       0
51                                                       0
52                                                       0
53                                                       0
54                                                       0
55                                                       0
56                                                       0
57                                                       0
58                                                       0
59                                                       0
60                                                       0
61                                                       0
62                                                       0
63                                                       0
64                                                       0
65                                                       0
66                                                       0
67                                                       0
68                                                       0
69                                                       0
   &Root [&Type "ArrayOfIntegers", &Dim (70,1)] "Root index within the block"
                                                         0

0                                                        0
1                                                        1
2                                                        2
3                                                        3
4                                                        4
5                                                        5
6                                                        6
7                                                        7
8                                                        8
9                                                        9
10                                                      10
11                                                      11
12                                                      12
13                                                      13
14                                                      14
15                                                      15
16                                                      16
17                                                      17
18                                                      18
19                                                      19
20                                                      20
21                                                      21
22                                                      22
23                                                      23
24                                                      24
25                                                      25
26                                                      26
27                                                      27
28                                                      28
29                                                      29
30                                                      30
31                                                      31
32                                                      32
33                                                      33
34                                                      34
35                                                      35
36                                                      36
37                                                      37
38                                                      38
39                                                      39
40                                                      40
41                                                      41
42                                                      42
43                                                      43
44                                                      44
45                                                      45
46                                                      46
47                                                      47
48                                                      48
49                                                      49
50                                                      50
51                                                      51
52                                                      52
53                                                      53
54                                                      54
55                                                      55
56                                                      56
57                                                      57
58                                                      58
59                                                      59
60                                                      60
61                                                      61
62                                                      62
63                                                      63
64                                                      64
65                                                      65
66                                                      66
67                                                      67
68                                                      68
69                                                      69
$End
$VdW_Correction
   &GeometryIndex 1
   &vdW [&Type "Double"]      -4.6431264828515784e-02
$End
$Single_Point_Data
   &GeometryIndex 1
   &FinalEnergy [&Type "Double"]      -2.2984298755650684e+03  "Final single point energy"
   &Converged [&Type "Boolean"] true
$End
$Calculation_Info
   &GeometryIndex 1
   &Mult [&Type "Integer"] 6
   &Charge [&Type "Integer"] 0
   &NumOfAtoms [&Type "Integer"] 43
   &NumOfElectrons [&Type "Integer"] 185
   &NumOfBasisFuncts [&Type "Integer"] 822
   &NumOfAuxCBasisFuncts [&Type "Integer"] 0
   &NumOfAuxJBasisFuncts [&Type "Integer"] 1349
   &NumOfAuxJKBasisFuncts [&Type "Integer"] 0
   &NumOfCABSBasisFuncts [&Type "Integer"] 0
$End
$SCF_Dipole_Moment
   &GeometryIndex 1
   &dipoleMagnitude [&Type "Double", &Units "a.u."]       1.1395309234537776e-03
   &dipoleElecContrib [&Type "ArrayOfDoubles", &Dim (3,1)] "Electronic contribution"
                                                         0

0                                      1.1395309234539996e-03
1                                      0.0000000000000000e+00
2                                      0.0000000000000000e+00
   &dipoleNucContrib [&Type "ArrayOfDoubles", &Dim (3,1)] "Nuclear contribution"
                                                         0

0                                      0.0000000000000000e+00
1                                      0.0000000000000000e+00
2                                      0.0000000000000000e+00
   &dipoleTotal [&Type "ArrayOfDoubles", &Dim (3,1)] "Total"
                                                         0

0                                      1.1395309234537776e-03
1                                      0.0000000000000000e+00
2                                      0.0000000000000000e+00
   &doAtomicDipole [&Type "Boolean"] false
   &Method [&Type "String"] "SCF"
   &Level [&Type "String"] "Relaxed density"
   &Mult [&Type "Integer"] 6
   &State [&Type "Integer"] -1
   &Irrep [&Type "Integer"] 0
$End
$Calculation_Timings
   &GeometryIndex 1
   &GTOINT [&Type "Double"]       5.7835900000000002e+00
   &SCF [&Type "Double"]       1.8092354799999998e+02
   &CIS [&Type "Double"]       1.1184420230000001e+03
   &PROPINT [&Type "Double"]       2.4913139999999885e+00
   &PROP [&Type "Double"]       2.3671239999998761e+00
   &SUM [&Type "Double"]       1.3100075990000000e+03
$End
